Localidade;Código IBGE;2007;2008;2009;2010;2011;2012;2013;
Rondônia;11;70986,0;72220,0;77766,0;74141,0;66582,0;65498,0;62864,0;
Acre;12;33038,0;28992,0;26997,0;23315,0;23236,0;27459,0;27630,0;
Amazonas;13;105541,0;96324,0;95803,0;89860,0;90980,0;107563,0;95929,0;
Roraima;14;16825,0;14762,0;11253,0;13234,0;11511,0;10775,0;9494,0;
Pará;15;268633,0;261213,0;271757,0;263263,0;251677,0;248972,0;242864,0;
Amapá;16;22709,0;22583,0;21981,0;22556,0;23894,0;22963,0;21890,0;
Tocantins;17;31616,0;24721,0;22993,0;22498,0;18945,0;22359,0;20913,0;
Maranhão;21;206702,0;199916,0;201922,0;193408,0;185488,0;172867,0;177177,0;
Piauí;22;106504,0;106687,0;106359,0;101871,0;96175,0;95855,0;96433,0;
Ceará;23;266860,0;223114,0;197904,0;176768,0;182479,0;189759,0;176242,0;
Rio Grande do Norte;24;105455,0;95126,0;86234,0;87445,0;87891,0;81458,0;85126,0;
Paraíba;25;146324,0;149079,0;141065,0;139125,0;141163,0;142417,0;150377,0;
Pernambuco;26;267283,0;271108,0;254178,0;243984,0;231653,0;228792,0;211002,0;
Alagoas;27;100449,0;102638,0;111008,0;96587,0;108384,0;101794,0;98556,0;
Sergipe;28;69196,0;64622,0;59012,0;54263,0;54196,0;53398,0;51587,0;
Bahia;29;516825,0;525375,0;499752,0;443710,0;445487,0;433414,0;429350,0;
Minas Gerais;31;349970,0;380282,0;362181,0;362469,0;355851,0;338860,0;329382,0;
Espírito Santo;32;64945,0;66142,0;69149,0;69894,0;69359,0;71716,0;72530,0;
Rio de Janeiro;33;386970,0;428082,0;421652,0;401867,0;323931,0;290669,0;250271,0;
São Paulo;35;915630,0;892933,0;780394,0;599037,0;505171,0;476136,0;456828,0;
Paraná;41;192474,0;180423,0;158010,0;162945,0;140677,0;145027,0;131055,0;
Santa Catarina;42;123575,0;112372,0;97827,0;89867,0;78597,0;64996,0;53686,0;
Rio Grande do Sul;43;165812,0;158910,0;143436,0;139617,0;136498,0;136068,0;134975,0;
Mato Grosso do Sul;50;73587,0;77509,0;74530,0;48661,0;47521,0;39719,0;37309,0;
Mato Grosso;51;90470,0;90838,0;94324,0;99752,0;103714,0;98003,0;93625,0;
Goiás;52;91079,0;82803,0;74853,0;79006,0;67797,0;59599,0;59622,0;
Distrito Federal;53;58650,0;67262,0;55974,0;51290,0;51985,0;49768,0;47195,0;
Alta Floresta d'Oeste;1100015;857,0;883,0;830,0;753,0;728,0;675,0;637,0;
Ariquemes;1100023;5424,0;5662,0;6112,0;5559,0;5009,0;4998,0;4612,0;
Cabixi;1100031;347,0;341,0;258,0;272,0;267,0;249,0;199,0;
Cacoal;1100049;3971,0;3672,0;4168,0;3383,0;3083,0;2464,0;2026,0;
Cerejeiras;1100056;1290,0;1110,0;1155,0;1056,0;823,0;887,0;847,0;
Colorado do Oeste;1100064;1017,0;1003,0;1072,0;829,0;760,0;737,0;636,0;
Corumbiara;1100072;171,0;163,0;212,0;260,0;297,0;273,0;305,0;
Costa Marques;1100080;623,0;634,0;628,0;459,0;396,0;442,0;500,0;
Espigão d'Oeste;1100098;1190,0;1115,0;1258,0;1199,0;1217,0;1257,0;920,0;
Guajará-Mirim;1100106;1627,0;2027,0;2407,0;2439,0;1974,0;1863,0;2029,0;
Jaru;1100114;3484,0;3444,0;3308,0;3219,0;2734,0;2402,0;2445,0;
Ji-Paraná;1100122;5076,0;5202,0;5616,0;5269,0;4274,0;5115,0;4534,0;
Machadinho d'Oeste;1100130;1279,0;1426,0;1629,0;1552,0;1396,0;1405,0;1200,0;
Nova Brasilândia d'Oeste;1100148;456,0;611,0;765,0;810,0;791,0;740,0;772,0;
Ouro Preto do Oeste;1100155;1898,0;1794,0;1923,0;1918,0;1827,0;2050,0;1761,0;
Pimenta Bueno;1100189;1682,0;1417,0;1547,0;1610,0;1591,0;1285,0;1479,0;
Porto Velho;1100205;22490,0;23413,0;24280,0;22607,0;20287,0;19730,0;20022,0;
Presidente Médici;1100254;1162,0;1128,0;1062,0;1059,0;961,0;1189,0;893,0;
Rio Crespo;1100262;161,0;139,0;121,0;210,0;143,0;124,0;108,0;
Rolim de Moura;1100288;1635,0;1639,0;1451,0;1437,0;1549,0;1360,0;1424,0;
Santa Luzia d'Oeste;1100296;453,0;487,0;444,0;391,0;299,0;309,0;299,0;
Vilhena;1100304;3642,0;3342,0;3876,0;4479,0;4022,0;3772,0;3485,0;
São Miguel do Guaporé;1100320;586,0;630,0;865,0;801,0;750,0;761,0;754,0;
Nova Mamoré;1100338;792,0;845,0;944,0;1076,0;995,0;1075,0;1002,0;
Alvorada d'Oeste;1100346;244,0;351,0;357,0;391,0;220,0;342,0;386,0;
Alto Alegre dos Parecis;1100379;291,0;318,0;278,0;122,0;208,0;132,0;153,0;
Alto Paraíso;1100403;82,0;157,0;194,0;492,0;373,0;403,0;381,0;
Buritis;1100452;1437,0;1286,0;1556,0;1614,0;1339,0;1175,0;955,0;
Novo Horizonte do Oeste;1100502;462,0;415,0;496,0;510,0;439,0;454,0;419,0;
Cacaulândia;1100601;152,0;84,0;31,0;159,0;135,0;146,0;122,0;
Campo Novo de Rondônia;1100700;283,0;268,0;338,0;310,0;275,0;240,0;215,0;
Candeias do Jamari;1100809;1331,0;1480,0;1550,0;1287,0;1182,0;1168,0;1126,0;
Castanheiras;1100908;90,0;82,0;92,0;108,0;172,0;144,0;72,0;
Chupinguaia;1100924;362,0;229,0;292,0;353,0;318,0;251,0;217,0;
Cujubim;1100940;422,0;639,0;693,0;621,0;586,0;464,0;455,0;
Governador Jorge Teixeira;1101005;666,0;519,0;528,0;492,0;500,0;347,0;281,0;
Itapuã do Oeste;1101104;622,0;532,0;578,0;524,0;424,0;433,0;483,0;
Ministro Andreazza;1101203;245,0;125,0;207,0;239,0;321,0;260,0;228,0;
Mirante da Serra;1101302;397,0;508,0;685,0;553,0;545,0;531,0;480,0;
Monte Negro;1101401;64,0;59,0;208,0;156,0;262,0;465,0;467,0;
Nova União;1101435;161,0;207,0;262,0;259,0;189,0;33,0;166,0;
Parecis;1101450;0,0;0,0;90,0;53,0;54,0;45,0;22,0;
Pimenteiras do Oeste;1101468;49,0;47,0;43,0;38,0;26,0;25,0;0,0;
Primavera de Rondônia;1101476;0,0;0,0;0,0;0,0;50,0;50,0;21,0;
São Felipe d'Oeste;1101484;64,0;86,0;90,0;76,0;87,0;72,0;42,0;
São Francisco do Guaporé;1101492;785,0;986,0;1138,0;1108,0;852,0;1095,0;1148,0;
Seringueiras;1101500;339,0;594,0;818,0;883,0;760,0;934,0;1016,0;
Teixeirópolis;1101559;99,0;142,0;99,0;157,0;98,0;47,0;113,0;
Theobroma;1101609;132,0;115,0;139,0;174,0;186,0;209,0;220,0;
Urupá;1101708;268,0;295,0;436,0;288,0;411,0;360,0;368,0;
Vale do Anari;1101757;281,0;354,0;389,0;362,0;255,0;380,0;336,0;
Vale do Paraíso;1101807;345,0;215,0;248,0;165,0;142,0;131,0;83,0;
Acrelândia;1200013;579,0;530,0;469,0;477,0;495,0;400,0;338,0;
Assis Brasil;1200054;439,0;328,0;437,0;359,0;336,0;356,0;368,0;
Brasiléia;1200104;1081,0;1059,0;595,0;429,0;599,0;829,0;932,0;
Bujari;1200138;246,0;254,0;196,0;283,0;399,0;471,0;514,0;
Capixaba;1200179;438,0;302,0;356,0;315,0;450,0;433,0;579,0;
Cruzeiro do Sul;1200203;4281,0;3469,0;3142,0;2679,0;2328,0;2884,0;2440,0;
Epitaciolândia;1200252;562,0;493,0;289,0;401,0;515,0;703,0;724,0;
Feijó;1200302;1384,0;1264,0;1567,0;1741,0;1548,0;1809,0;1518,0;
Jordão;1200328;197,0;139,0;95,0;64,0;187,0;245,0;253,0;
Mâncio Lima;1200336;1001,0;713,0;712,0;462,0;502,0;458,0;544,0;
Manoel Urbano;1200344;506,0;295,0;166,0;240,0;400,0;416,0;451,0;
Marechal Thaumaturgo;1200351;556,0;453,0;406,0;277,0;355,0;696,0;570,0;
Plácido de Castro;1200385;1043,0;921,0;663,0;619,0;710,0;646,0;675,0;
Porto Walter;1200393;511,0;594,0;425,0;150,0;206,0;269,0;379,0;
Rio Branco;1200401;13741,0;12942,0;12458,0;10809,0;10213,0;11338,0;10936,0;
Rodrigues Alves;1200427;1002,0;693,0;978,0;569,0;481,0;1148,0;1666,0;
Santa Rosa do Purus;1200435;215,0;128,0;174,0;128,0;124,0;107,0;143,0;
Senador Guiomard;1200450;846,0;535,0;620,0;653,0;683,0;856,0;775,0;
Sena Madureira;1200500;1111,0;999,0;785,0;767,0;772,0;967,0;921,0;
Tarauacá;1200609;1835,0;1653,0;1350,0;923,0;822,0;1143,0;1538,0;
Xapuri;1200708;785,0;719,0;539,0;628,0;672,0;625,0;738,0;
Porto Acre;1200807;679,0;509,0;575,0;342,0;439,0;660,0;628,0;
Alvarães;1300029;844,0;756,0;1097,0;1043,0;1126,0;999,0;1160,0;
Amaturá;1300060;356,0;224,0;293,0;316,0;276,0;286,0;284,0;
Anamã;1300086;175,0;162,0;204,0;100,0;142,0;130,0;230,0;
Anori;1300102;364,0;212,0;190,0;189,0;244,0;241,0;224,0;
Apuí;1300144;236,0;164,0;251,0;169,0;201,0;296,0;277,0;
Atalaia do Norte;1300201;665,0;404,0;420,0;443,0;433,0;421,0;661,0;
Autazes;1300300;1169,0;940,0;1593,0;1724,0;1467,0;1184,0;897,0;
Barcelos;1300409;632,0;460,0;560,0;363,0;559,0;438,0;627,0;
Barreirinha;1300508;635,0;565,0;977,0;1051,0;911,0;1182,0;949,0;
Benjamin Constant;1300607;1067,0;996,0;706,0;1030,0;810,0;1001,0;1138,0;
Beruri;1300631;104,0;290,0;456,0;407,0;499,0;503,0;1825,0;
Boa Vista do Ramos;1300680;451,0;488,0;596,0;486,0;341,0;215,0;211,0;
Boca do Acre;1300706;640,0;550,0;439,0;442,0;331,0;318,0;333,0;
Borba;1300805;878,0;921,0;1009,0;777,0;731,0;648,0;771,0;
Caapiranga;1300839;332,0;284,0;360,0;335,0;275,0;280,0;251,0;
Canutama;1300904;909,0;642,0;718,0;711,0;862,0;882,0;403,0;
Carauari;1301001;1758,0;1841,0;1856,0;1832,0;1566,0;1235,0;1275,0;
Careiro;1301100;662,0;766,0;557,0;675,0;489,0;345,0;342,0;
Careiro da Várzea;1301159;242,0;182,0;320,0;195,0;152,0;202,0;342,0;
Coari;1301209;2947,0;2396,0;1937,0;1982,0;2261,0;2229,0;2134,0;
Codajás;1301308;928,0;1171,0;931,0;837,0;862,0;808,0;560,0;
Eirunepé;1301407;2106,0;2107,0;1797,0;1657,0;1622,0;1628,0;1472,0;
Envira;1301506;500,0;533,0;734,0;1043,0;1082,0;958,0;873,0;
Fonte Boa;1301605;1124,0;1308,0;1799,0;1081,0;958,0;772,0;1742,0;
Guajará;1301654;422,0;307,0;438,0;553,0;309,0;282,0;258,0;
Humaitá;1301704;1283,0;1157,0;1083,0;1038,0;783,0;725,0;727,0;
Ipixuna;1301803;401,0;238,0;370,0;267,0;311,0;286,0;350,0;
Iranduba;1301852;1542,0;1706,0;1917,0;1671,0;2067,0;2044,0;2257,0;
Itacoatiara;1301902;3606,0;2940,0;2987,0;3711,0;3949,0;3283,0;2811,0;
Itamarati;1301951;644,0;538,0;476,0;385,0;402,0;559,0;697,0;
Itapiranga;1302009;278,0;268,0;174,0;126,0;190,0;138,0;116,0;
Japurá;1302108;441,0;449,0;563,0;626,0;566,0;644,0;801,0;
Juruá;1302207;160,0;96,0;161,0;335,0;319,0;409,0;397,0;
Jutaí;1302306;742,0;760,0;934,0;727,0;1018,0;1116,0;1191,0;
Lábrea;1302405;1292,0;1143,0;1053,0;961,0;1003,0;1482,0;1604,0;
Manacapuru;1302504;2937,0;2396,0;2104,0;2088,0;2047,0;2403,0;2056,0;
Manaquiri;1302553;299,0;167,0;251,0;212,0;237,0;245,0;325,0;
Manaus;1302603;47033,0;41785,0;41576,0;37044,0;34307,0;48647,0;38429,0;
Manicoré;1302702;1334,0;838,0;747,0;1138,0;1077,0;1193,0;886,0;
Maraã;1302801;2093,0;2026,0;1692,0;1036,0;1272,0;799,0;850,0;
Maués;1302900;1092,0;1090,0;539,0;346,0;343,0;643,0;793,0;
Nhamundá;1303007;449,0;229,0;406,0;435,0;465,0;381,0;487,0;
Nova Olinda do Norte;1303106;1137,0;818,0;611,0;458,0;236,0;199,0;259,0;
Novo Airão;1303205;598,0;691,0;572,0;589,0;505,0;486,0;497,0;
Novo Aripuanã;1303304;447,0;523,0;494,0;658,0;560,0;626,0;536,0;
Parintins;1303403;2137,0;2614,0;1950,0;1635,0;2431,0;2833,0;2231,0;
Pauini;1303502;589,0;597,0;584,0;470,0;167,0;297,0;327,0;
Presidente Figueiredo;1303536;1837,0;1813,0;1766,0;1716,0;1602,0;1554,0;1443,0;
Rio Preto da Eva;1303569;1280,0;1025,0;1292,0;1151,0;936,0;911,0;1020,0;
Santa Isabel do Rio Negro;1303601;320,0;285,0;279,0;150,0;162,0;227,0;187,0;
Santo Antônio do Içá;1303700;587,0;701,0;679,0;536,0;649,0;767,0;930,0;
São Gabriel da Cachoeira;1303809;1361,0;1546,0;1307,0;1524,0;1341,0;1763,0;1666,0;
São Paulo de Olivença;1303908;1626,0;916,0;980,0;975,0;927,0;1843,0;1718,0;
São Sebastião do Uatumã;1303957;118,0;91,0;142,0;98,0;99,0;107,0;100,0;
Silves;1304005;226,0;240,0;144,0;60,0;130,0;90,0;266,0;
Tabatinga;1304062;1445,0;1571,0;2343,0;2442,0;2926,0;3197,0;2751,0;
Tapauá;1304104;787,0;981,0;796,0;951,0;894,0;825,0;770,0;
Tefé;1304203;3645,0;3751,0;2853,0;2852,0;6333,0;5880,0;3290,0;
Tonantins;1304237;131,0;93,0;129,0;445,0;626,0;2042,0;2152,0;
Uarini;1304260;800,0;748,0;962,0;908,0;1007,0;959,0;1187,0;
Urucará;1304302;271,0;190,0;229,0;218,0;239,0;231,0;255,0;
Urucurituba;1304401;427,0;635,0;420,0;437,0;345,0;246,0;328,0;
Amajari;1400027;256,0;356,0;149,0;382,0;166,0;136,0;156,0;
Alto Alegre;1400050;464,0;415,0;210,0;525,0;250,0;336,0;111,0;
Boa Vista;1400100;11632,0;10048,0;7734,0;8432,0;7636,0;6757,0;6094,0;
Bonfim;1400159;466,0;414,0;255,0;354,0;256,0;152,0;125,0;
Cantá;1400175;392,0;318,0;120,0;333,0;237,0;327,0;214,0;
Caracaraí;1400209;695,0;616,0;489,0;582,0;482,0;523,0;318,0;
Caroebe;1400233;294,0;227,0;203,0;177,0;226,0;265,0;163,0;
Iracema;1400282;396,0;312,0;169,0;376,0;125,0;166,0;168,0;
Mucajaí;1400308;607,0;597,0;399,0;297,0;305,0;332,0;383,0;
Normandia;1400407;241,0;181,0;169,0;167,0;137,0;154,0;143,0;
Pacaraima;1400456;341,0;341,0;222,0;361,0;349,0;395,0;400,0;
Rorainópolis;1400472;590,0;613,0;653,0;768,0;846,0;566,0;703,0;
São João da Baliza;1400506;243,0;182,0;260,0;235,0;193,0;256,0;197,0;
São Luiz;1400605;154,0;131,0;160,0;131,0;105,0;167,0;54,0;
Uiramutã;1400704;54,0;11,0;61,0;114,0;198,0;243,0;265,0;
Abaetetuba;1500107;7221,0;6986,0;7840,0;8112,0;8081,0;8239,0;7802,0;
Abel Figueiredo;1500131;223,0;157,0;188,0;203,0;158,0;227,0;267,0;
Acará;1500206;5226,0;4138,0;3459,0;3412,0;3679,0;3367,0;3240,0;
Afuá;1500305;855,0;607,0;545,0;452,0;450,0;95,0;492,0;
Água Azul do Norte;1500347;407,0;309,0;380,0;444,0;502,0;389,0;479,0;
Alenquer;1500404;1281,0;1104,0;1245,0;990,0;818,0;719,0;726,0;
Almeirim;1500503;1092,0;917,0;1174,0;1031,0;902,0;897,0;696,0;
Altamira;1500602;2260,0;2271,0;2295,0;2261,0;2244,0;2157,0;1741,0;
Anajás;1500701;728,0;648,0;1021,0;770,0;778,0;894,0;973,0;
Ananindeua;1500800;20381,0;18936,0;18945,0;18702,0;18128,0;17976,0;17373,0;
Anapu;1500859;537,0;576,0;753,0;611,0;459,0;425,0;492,0;
Augusto Corrêa;1500909;1262,0;1497,0;1619,0;1388,0;1198,0;1236,0;1532,0;
Aurora do Pará;1500958;820,0;866,0;929,0;918,0;894,0;748,0;962,0;
Aveiro;1501006;253,0;439,0;408,0;289,0;239,0;300,0;313,0;
Bagre;1501105;398,0;423,0;796,0;593,0;657,0;669,0;472,0;
Baião;1501204;917,0;953,0;931,0;995,0;998,0;950,0;864,0;
Bannach;1501253;77,0;52,0;100,0;94,0;117,0;116,0;199,0;
Barcarena;1501303;3307,0;3434,0;3175,0;2868,0;2953,0;3194,0;3181,0;
Belém;1501402;59773,0;54514,0;55298,0;53210,0;50113,0;50240,0;46883,0;
Belterra;1501451;418,0;534,0;545,0;636,0;523,0;552,0;481,0;
Benevides;1501501;2368,0;2028,0;1725,0;1556,0;1567,0;1528,0;1779,0;
Bom Jesus do Tocantins;1501576;227,0;245,0;380,0;316,0;313,0;370,0;278,0;
Bonito;1501600;392,0;211,0;210,0;456,0;633,0;513,0;315,0;
Bragança;1501709;6333,0;5407,0;6112,0;5624,0;5513,0;5681,0;5693,0;
Brasil Novo;1501725;268,0;494,0;463,0;460,0;346,0;302,0;252,0;
Brejo Grande do Araguaia;1501758;404,0;217,0;183,0;168,0;76,0;77,0;109,0;
Breu Branco;1501782;2169,0;2593,0;2744,0;2576,0;1738,0;1608,0;1690,0;
Breves;1501808;1910,0;2447,0;2922,0;3138,0;3267,0;3529,0;3159,0;
Bujaru;1501907;1417,0;1968,0;1325,0;1431,0;1773,0;1099,0;580,0;
Cachoeira do Piriá;1501956;770,0;566,0;352,0;370,0;537,0;852,0;949,0;
Cachoeira do Arari;1502004;356,0;373,0;321,0;433,0;427,0;436,0;523,0;
Cametá;1502103;2312,0;2432,0;2358,0;1845,0;1968,0;2108,0;2412,0;
Canaã dos Carajás;1502152;1629,0;1539,0;1627,0;1703,0;1347,0;1513,0;1536,0;
Capanema;1502202;2126,0;1893,0;1779,0;1923,0;1811,0;1849,0;1847,0;
Capitão Poço;1502301;2868,0;2631,0;2769,0;2671,0;2325,0;2274,0;2407,0;
Castanhal;1502400;5932,0;6325,0;6259,0;6218,0;6007,0;5945,0;5909,0;
Chaves;1502509;181,0;155,0;239,0;194,0;146,0;211,0;817,0;
Colares;1502608;393,0;349,0;292,0;441,0;364,0;263,0;343,0;
Conceição do Araguaia;1502707;1285,0;1290,0;1339,0;1375,0;1402,0;1369,0;1198,0;
Concórdia do Pará;1502756;2693,0;2361,0;2239,0;2408,0;2422,0;1661,0;905,0;
Cumaru do Norte;1502764;68,0;198,0;222,0;287,0;495,0;445,0;446,0;
Curionópolis;1502772;569,0;396,0;1026,0;1066,0;803,0;859,0;1078,0;
Curralinho;1502806;321,0;398,0;697,0;605,0;637,0;462,0;566,0;
Curuá;1502855;251,0;223,0;366,0;459,0;370,0;325,0;234,0;
Curuçá;1502905;478,0;903,0;1090,0;902,0;796,0;722,0;600,0;
Dom Eliseu;1502939;1943,0;1792,0;1842,0;2004,0;1679,0;1123,0;998,0;
Eldorado dos Carajás;1502954;763,0;1031,0;1232,0;1042,0;939,0;772,0;1043,0;
Faro;1503002;600,0;291,0;312,0;314,0;277,0;260,0;309,0;
Floresta do Araguaia;1503044;257,0;215,0;271,0;306,0;272,0;258,0;400,0;
Garrafão do Norte;1503077;995,0;852,0;1250,0;1064,0;924,0;759,0;734,0;
Goianésia do Pará;1503093;998,0;1048,0;1097,0;1239,0;842,0;788,0;1239,0;
Gurupá;1503101;1426,0;1555,0;1686,0;1408,0;1314,0;1050,0;1242,0;
Igarapé-Açu;1503200;1436,0;1433,0;1575,0;1482,0;1277,0;1337,0;1229,0;
Igarapé-Miri;1503309;2587,0;2014,0;1800,0;1082,0;1243,0;1324,0;1319,0;
Inhangapi;1503408;679,0;561,0;568,0;529,0;573,0;535,0;487,0;
Ipixuna do Pará;1503457;860,0;1161,0;993,0;966,0;1030,0;1362,0;1350,0;
Irituia;1503507;1361,0;1052,0;1140,0;1284,0;1238,0;1193,0;1643,0;
Itaituba;1503606;4949,0;4714,0;5201,0;5088,0;5106,0;4998,0;4901,0;
Itupiranga;1503705;908,0;1204,0;1632,0;964,0;1101,0;1140,0;1181,0;
Jacareacanga;1503754;730,0;740,0;809,0;899,0;894,0;912,0;708,0;
Jacundá;1503804;1387,0;1789,0;1767,0;1771,0;1406,0;1356,0;1345,0;
Juruti;1503903;1413,0;1444,0;1464,0;1853,0;1558,0;1522,0;1685,0;
Limoeiro do Ajuru;1504000;1294,0;1611,0;1289,0;894,0;630,0;550,0;422,0;
Mãe do Rio;1504059;681,0;756,0;840,0;1070,0;1202,0;1003,0;1143,0;
Magalhães Barata;1504109;300,0;234,0;281,0;303,0;159,0;157,0;174,0;
Marabá;1504208;5510,0;5547,0;5774,0;5510,0;5636,0;6575,0;5715,0;
Maracanã;1504307;905,0;957,0;882,0;742,0;772,0;770,0;615,0;
Marapanim;1504406;1085,0;828,0;922,0;814,0;483,0;404,0;441,0;
Marituba;1504422;6586,0;4110,0;3997,0;3468,0;2819,0;2820,0;2761,0;
Medicilândia;1504455;435,0;572,0;885,0;839,0;740,0;665,0;529,0;
Melgaço;1504505;43,0;45,0;1014,0;1523,0;960,0;627,0;337,0;
Mocajuba;1504604;735,0;1056,0;1188,0;1217,0;1722,0;1662,0;1032,0;
Moju;1504703;4729,0;5345,0;3909,0;3800,0;3663,0;3319,0;4168,0;
Mojuí dos Campos;1504752;;;;;;;313,0;
Monte Alegre;1504802;841,0;770,0;1277,0;1592,0;1612,0;1529,0;1883,0;
Muaná;1504901;361,0;323,0;324,0;285,0;276,0;336,0;325,0;
Nova Esperança do Piriá;1504950;441,0;651,0;962,0;1152,0;848,0;898,0;732,0;
Nova Ipixuna;1504976;366,0;375,0;288,0;288,0;359,0;403,0;335,0;
Nova Timboteua;1505007;832,0;734,0;482,0;258,0;296,0;270,0;582,0;
Novo Progresso;1505031;688,0;718,0;637,0;752,0;583,0;394,0;409,0;
Novo Repartimento;1505064;1703,0;1706,0;1578,0;1625,0;1571,0;2668,0;2180,0;
Óbidos;1505106;1513,0;1437,0;1352,0;1220,0;849,0;791,0;836,0;
Oeiras do Pará;1505205;753,0;839,0;999,0;1098,0;797,0;756,0;807,0;
Oriximiná;1505304;1798,0;1574,0;2852,0;2295,0;1986,0;1795,0;1363,0;
Ourém;1505403;732,0;746,0;642,0;509,0;789,0;792,0;639,0;
Ourilândia do Norte;1505437;364,0;465,0;653,0;691,0;691,0;1113,0;960,0;
Pacajá;1505486;1141,0;1342,0;1004,0;987,0;880,0;954,0;749,0;
Palestina do Pará;1505494;422,0;215,0;229,0;396,0;280,0;220,0;176,0;
Paragominas;1505502;3173,0;3878,0;4801,0;4894,0;4383,0;3621,0;3009,0;
Parauapebas;1505536;7039,0;6979,0;5938,0;5383,0;4913,0;5001,0;4590,0;
Pau d'Arco;1505551;263,0;278,0;270,0;264,0;245,0;164,0;279,0;
Peixe-Boi;1505601;488,0;259,0;219,0;165,0;185,0;201,0;339,0;
Piçarra;1505635;236,0;277,0;199,0;253,0;205,0;227,0;455,0;
Placas;1505650;196,0;476,0;733,0;719,0;701,0;887,0;706,0;
Ponta de Pedras;1505700;626,0;565,0;479,0;282,0;390,0;365,0;348,0;
Portel;1505809;1805,0;2449,0;2474,0;2289,0;2624,0;3241,0;3272,0;
Porto de Moz;1505908;1250,0;1770,0;1977,0;1959,0;2001,0;2204,0;2463,0;
Prainha;1506005;928,0;903,0;1095,0;1107,0;1104,0;996,0;1011,0;
Primavera;1506104;551,0;496,0;542,0;357,0;450,0;402,0;564,0;
Quatipuru;1506112;452,0;242,0;356,0;456,0;400,0;249,0;396,0;
Redenção;1506138;1497,0;1197,0;1324,0;1224,0;1179,0;1034,0;810,0;
Rio Maria;1506161;397,0;455,0;476,0;449,0;628,0;662,0;680,0;
Rondon do Pará;1506187;876,0;535,0;548,0;710,0;807,0;1051,0;865,0;
Rurópolis;1506195;616,0;514,0;490,0;637,0;531,0;458,0;423,0;
Salinópolis;1506203;1113,0;1193,0;1510,0;1392,0;1303,0;1234,0;984,0;
Salvaterra;1506302;530,0;828,0;871,0;954,0;828,0;662,0;788,0;
Santa Bárbara do Pará;1506351;1109,0;981,0;1017,0;1044,0;938,0;992,0;994,0;
Santa Cruz do Arari;1506401;243,0;143,0;162,0;195,0;176,0;185,0;258,0;
Santa Isabel do Pará;1506500;1213,0;1321,0;1260,0;1199,0;1330,0;1158,0;1408,0;
Santa Luzia do Pará;1506559;871,0;856,0;894,0;953,0;820,0;883,0;912,0;
Santa Maria das Barreiras;1506583;265,0;243,0;448,0;574,0;473,0;486,0;487,0;
Santa Maria do Pará;1506609;1088,0;960,0;1114,0;1076,0;945,0;1069,0;1230,0;
Santana do Araguaia;1506708;1177,0;1272,0;1439,0;1760,0;1422,0;1613,0;1902,0;
Santarém;1506807;9045,0;10202,0;9728,0;9498,0;9251,0;9277,0;8684,0;
Santarém Novo;1506906;224,0;71,0;134,0;145,0;94,0;94,0;170,0;
Santo Antônio do Tauá;1507003;1150,0;1262,0;1429,0;1306,0;1097,0;1082,0;1094,0;
São Caetano de Odivelas;1507102;547,0;591,0;532,0;403,0;422,0;373,0;365,0;
São Domingos do Araguaia;1507151;1066,0;837,0;797,0;591,0;554,0;561,0;574,0;
São Domingos do Capim;1507201;951,0;817,0;1147,0;1117,0;1118,0;1099,0;1164,0;
São Félix do Xingu;1507300;1199,0;1474,0;1864,0;1718,0;1501,0;1360,0;1386,0;
São Francisco do Pará;1507409;697,0;540,0;396,0;363,0;348,0;303,0;358,0;
São Geraldo do Araguaia;1507458;902,0;710,0;1109,0;748,0;472,0;469,0;539,0;
São João da Ponta;1507466;133,0;179,0;255,0;218,0;254,0;202,0;122,0;
São João de Pirabas;1507474;473,0;400,0;535,0;553,0;448,0;467,0;448,0;
São João do Araguaia;1507508;430,0;384,0;464,0;247,0;399,0;379,0;667,0;
São Miguel do Guamá;1507607;1354,0;1239,0;883,0;963,0;1159,0;1066,0;892,0;
São Sebastião da Boa Vista;1507706;709,0;383,0;311,0;312,0;679,0;665,0;632,0;
Sapucaia;1507755;141,0;207,0;360,0;368,0;327,0;425,0;353,0;
Senador José Porfírio;1507805;509,0;421,0;355,0;491,0;389,0;376,0;467,0;
Soure;1507904;835,0;719,0;786,0;1032,0;1095,0;828,0;738,0;
Tailândia;1507953;1152,0;1415,0;1701,0;2292,0;2403,0;2504,0;2337,0;
Terra Alta;1507961;339,0;301,0;484,0;465,0;526,0;432,0;396,0;
Terra Santa;1507979;238,0;195,0;252,0;194,0;143,0;166,0;124,0;
Tomé-Açu;1508001;2496,0;2474,0;3155,0;2739,0;2474,0;2312,0;2103,0;
Tracuateua;1508035;472,0;461,0;376,0;532,0;542,0;523,0;675,0;
Trairão;1508050;380,0;503,0;594,0;629,0;454,0;403,0;363,0;
Tucumã;1508084;487,0;943,0;1012,0;911,0;1177,0;1171,0;952,0;
Tucuruí;1508100;4620,0;4946,0;4604,0;4141,0;4112,0;3983,0;3394,0;
Ulianópolis;1508126;929,0;855,0;642,0;688,0;854,0;726,0;789,0;
Uruará;1508159;424,0;493,0;693,0;739,0;1275,0;1126,0;1047,0;
Vigia;1508209;1615,0;1651,0;1604,0;1286,0;1484,0;1810,0;1421,0;
Viseu;1508308;2954,0;3068,0;3873,0;3845,0;3101,0;2742,0;3598,0;
Vitória do Xingu;1508357;185,0;189,0;283,0;170,0;113,0;265,0;411,0;
Xinguara;1508407;1269,0;1358,0;1179,0;1037,0;1181,0;1187,0;1196,0;
Serra do Navio;1600055;162,0;132,0;163,0;132,0;133,0;118,0;127,0;
Amapá;1600105;136,0;194,0;230,0;351,0;314,0;189,0;194,0;
Pedra Branca do Amaparí;1600154;123,0;179,0;228,0;360,0;381,0;330,0;508,0;
Calçoene;1600204;213,0;183,0;153,0;183,0;123,0;157,0;219,0;
Cutias;1600212;140,0;118,0;77,0;126,0;53,0;54,0;66,0;
Ferreira Gomes;1600238;222,0;235,0;183,0;159,0;195,0;216,0;179,0;
Itaubal;1600253;84,0;107,0;108,0;115,0;117,0;103,0;95,0;
Laranjal do Jari;1600279;2850,0;2706,0;2060,0;2343,0;2307,0;1861,0;2029,0;
Macapá;1600303;13169,0;12811,0;12650,0;12777,0;13691,0;13390,0;12762,0;
Mazagão;1600402;413,0;453,0;488,0;428,0;537,0;540,0;556,0;
Oiapoque;1600501;439,0;532,0;638,0;536,0;582,0;679,0;545,0;
Porto Grande;1600535;460,0;584,0;567,0;645,0;643,0;647,0;608,0;
Pracuúba;1600550;73,0;88,0;124,0;55,0;55,0;55,0;64,0;
Santana;1600600;3156,0;3126,0;3242,0;3267,0;3784,0;3608,0;3084,0;
Tartarugalzinho;1600709;269,0;264,0;230,0;313,0;337,0;425,0;396,0;
Vitória do Jari;1600808;800,0;871,0;840,0;766,0;642,0;591,0;458,0;
Abreulândia;1700251;56,0;52,0;62,0;44,0;43,0;0,0;30,0;
Aguiarnópolis;1700301;144,0;123,0;118,0;135,0;62,0;130,0;125,0;
Aliança do Tocantins;1700350;60,0;65,0;54,0;24,0;64,0;130,0;93,0;
Almas;1700400;143,0;89,0;29,0;30,0;0,0;112,0;100,0;
Alvorada;1700707;170,0;92,0;89,0;92,0;86,0;65,0;55,0;
Ananás;1701002;273,0;212,0;161,0;179,0;174,0;153,0;100,0;
Angico;1701051;73,0;43,0;41,0;48,0;21,0;12,0;0,0;
Aparecida do Rio Negro;1701101;103,0;60,0;64,0;66,0;54,0;50,0;29,0;
Aragominas;1701309;39,0;0,0;32,0;17,0;29,0;66,0;117,0;
Araguacema;1701903;139,0;70,0;87,0;54,0;7,0;14,0;0,0;
Araguaçu;1702000;253,0;228,0;108,0;97,0;41,0;63,0;22,0;
Araguaína;1702109;3427,0;3234,0;2984,0;2924,0;2599,0;3009,0;2737,0;
Araguanã;1702158;75,0;58,0;44,0;53,0;26,0;26,0;39,0;
Araguatins;1702208;683,0;658,0;555,0;493,0;368,0;406,0;516,0;
Arapoema;1702307;133,0;57,0;50,0;84,0;53,0;85,0;62,0;
Arraias;1702406;260,0;187,0;246,0;314,0;177,0;228,0;269,0;
Augustinópolis;1702554;349,0;308,0;210,0;184,0;66,0;42,0;109,0;
Aurora do Tocantins;1702703;0,0;0,0;0,0;0,0;0,0;0,0;0,0;
Axixá do Tocantins;1702901;201,0;98,0;105,0;63,0;93,0;59,0;60,0;
Babaçulândia;1703008;227,0;167,0;112,0;103,0;65,0;69,0;156,0;
Bandeirantes do Tocantins;1703057;32,0;19,0;13,0;0,0;15,0;8,0;0,0;
Barra do Ouro;1703073;60,0;30,0;38,0;23,0;0,0;0,0;0,0;
Barrolândia;1703107;26,0;0,0;0,0;0,0;0,0;0,0;0,0;
Bernardo Sayão;1703206;99,0;87,0;90,0;88,0;53,0;64,0;34,0;
Bom Jesus do Tocantins;1703305;58,0;24,0;31,0;28,0;0,0;59,0;55,0;
Brasilândia do Tocantins;1703602;0,0;0,0;0,0;19,0;12,0;19,0;20,0;
Brejinho de Nazaré;1703701;103,0;39,0;57,0;34,0;32,0;153,0;178,0;
Buriti do Tocantins;1703800;164,0;157,0;150,0;89,0;67,0;47,0;43,0;
Cachoeirinha;1703826;74,0;40,0;58,0;67,0;42,0;25,0;0,0;
Campos Lindos;1703842;273,0;160,0;96,0;102,0;96,0;89,0;119,0;
Cariri do Tocantins;1703867;59,0;41,0;27,0;21,0;0,0;0,0;35,0;
Carmolândia;1703883;158,0;132,0;139,0;145,0;59,0;90,0;137,0;
Carrasco Bonito;1703891;14,0;7,0;40,0;27,0;19,0;38,0;66,0;
Caseara;1703909;145,0;115,0;105,0;125,0;54,0;15,0;20,0;
Centenário;1704105;17,0;0,0;0,0;0,0;0,0;0,0;0,0;
Chapada de Areia;1704600;29,0;21,0;33,0;14,0;0,0;0,0;0,0;
Chapada da Natividade;1705102;13,0;0,0;0,0;0,0;0,0;0,0;0,0;
Colinas do Tocantins;1705508;696,0;561,0;553,0;571,0;528,0;489,0;525,0;
Combinado;1705557;43,0;0,0;0,0;0,0;0,0;0,0;0,0;
Conceição do Tocantins;1705607;35,0;0,0;0,0;0,0;0,0;0,0;0,0;
Couto Magalhães;1706001;135,0;49,0;76,0;80,0;75,0;83,0;60,0;
Cristalândia;1706100;341,0;254,0;162,0;193,0;112,0;126,0;86,0;
Crixás do Tocantins;1706258;28,0;0,0;0,0;35,0;28,0;65,0;50,0;
Darcinópolis;1706506;158,0;105,0;55,0;19,0;31,0;0,0;16,0;
Dianópolis;1707009;344,0;360,0;383,0;320,0;233,0;384,0;307,0;
Divinópolis do Tocantins;1707108;57,0;68,0;42,0;43,0;37,0;88,0;64,0;
Dois Irmãos do Tocantins;1707207;75,0;54,0;25,0;90,0;31,0;45,0;46,0;
Dueré;1707306;30,0;19,0;0,0;0,0;0,0;0,0;0,0;
Esperantina;1707405;169,0;172,0;87,0;122,0;212,0;178,0;109,0;
Fátima;1707553;85,0;94,0;55,0;0,0;0,0;0,0;22,0;
Figueirópolis;1707652;0,0;0,0;0,0;0,0;0,0;0,0;0,0;
Filadélfia;1707702;139,0;150,0;168,0;112,0;80,0;66,0;114,0;
Formoso do Araguaia;1708205;330,0;284,0;268,0;169,0;152,0;148,0;160,0;
Fortaleza do Tabocão;1708254;95,0;83,0;20,0;10,0;9,0;0,0;0,0;
Goianorte;1708304;151,0;111,0;101,0;133,0;79,0;130,0;92,0;
Goiatins;1709005;418,0;212,0;261,0;203,0;147,0;195,0;193,0;
Guaraí;1709302;637,0;399,0;269,0;258,0;286,0;296,0;262,0;
Gurupi;1709500;2025,0;1510,0;1218,0;1256,0;816,0;957,0;968,0;
Ipueiras;1709807;0,0;0,0;13,0;16,0;0,0;22,0;69,0;
Itacajá;1710508;171,0;171,0;193,0;160,0;108,0;175,0;93,0;
Itaguatins;1710706;134,0;13,0;0,0;0,0;0,0;0,0;26,0;
Itapiratins;1710904;23,0;9,0;0,0;0,0;0,0;0,0;36,0;
Itaporã do Tocantins;1711100;62,0;0,0;0,0;0,0;0,0;0,0;0,0;
Jaú do Tocantins;1711506;67,0;27,0;0,0;0,0;0,0;57,0;29,0;
Juarina;1711803;53,0;62,0;46,0;58,0;47,0;28,0;27,0;
Lagoa da Confusão;1711902;217,0;250,0;174,0;191,0;149,0;205,0;100,0;
Lagoa do Tocantins;1711951;126,0;70,0;15,0;72,0;56,0;0,0;0,0;
Lajeado;1712009;50,0;16,0;71,0;74,0;53,0;77,0;87,0;
Lavandeira;1712157;33,0;13,0;5,0;0,0;0,0;0,0;0,0;
Lizarda;1712405;101,0;77,0;25,0;28,0;0,0;0,0;0,0;
Luzinópolis;1712454;125,0;76,0;37,0;17,0;76,0;0,0;0,0;
Marianópolis do Tocantins;1712504;122,0;46,0;52,0;74,0;65,0;76,0;92,0;
Mateiros;1712702;12,0;38,0;32,0;0,0;29,0;39,0;12,0;
Maurilândia do Tocantins;1712801;0,0;60,0;8,0;0,0;0,0;0,0;0,0;
Miracema do Tocantins;1713205;424,0;410,0;280,0;323,0;313,0;392,0;328,0;
Miranorte;1713304;287,0;292,0;196,0;283,0;234,0;195,0;216,0;
Monte do Carmo;1713601;203,0;36,0;0,0;76,0;44,0;126,0;107,0;
Monte Santo do Tocantins;1713700;10,0;7,0;21,0;0,0;0,0;0,0;6,0;
Palmeiras do Tocantins;1713809;170,0;80,0;91,0;87,0;73,0;89,0;75,0;
Muricilândia;1713957;71,0;63,0;70,0;77,0;48,0;45,0;42,0;
Natividade;1714203;325,0;275,0;186,0;166,0;200,0;274,0;221,0;
Nazaré;1714302;89,0;59,0;95,0;46,0;36,0;41,0;10,0;
Nova Olinda;1714880;483,0;255,0;357,0;336,0;218,0;269,0;235,0;
Nova Rosalândia;1715002;118,0;123,0;128,0;101,0;54,0;0,0;24,0;
Novo Acordo;1715101;101,0;17,0;0,0;0,0;0,0;0,0;12,0;
Novo Alegre;1715150;24,0;28,0;46,0;41,0;14,0;0,0;0,0;
Novo Jardim;1715259;0,0;0,0;0,0;0,0;0,0;0,0;0,0;
Oliveira de Fátima;1715507;0,0;0,0;36,0;0,0;0,0;21,0;184,0;
Palmeirante;1715705;66,0;64,0;53,0;19,0;14,0;124,0;122,0;
Palmeirópolis;1715754;88,0;34,0;36,0;88,0;81,0;69,0;59,0;
Paraíso do Tocantins;1716109;961,0;873,0;1000,0;1009,0;774,0;761,0;601,0;
Paranã;1716208;117,0;114,0;216,0;68,0;147,0;120,0;78,0;
Pau d'Arco;1716307;40,0;33,0;5,0;26,0;27,0;30,0;52,0;
Pedro Afonso;1716505;343,0;182,0;293,0;284,0;245,0;239,0;261,0;
Peixe;1716604;128,0;101,0;81,0;90,0;129,0;164,0;121,0;
Pequizeiro;1716653;65,0;83,0;64,0;81,0;72,0;69,0;111,0;
Colméia;1716703;238,0;176,0;99,0;126,0;176,0;206,0;192,0;
Pindorama do Tocantins;1717008;32,0;22,0;0,0;0,0;0,0;17,0;41,0;
Piraquê;1717206;82,0;98,0;131,0;87,0;31,0;67,0;100,0;
Pium;1717503;212,0;118,0;152,0;119,0;88,0;52,0;63,0;
Ponte Alta do Bom Jesus;1717800;0,0;0,0;0,0;0,0;0,0;0,0;0,0;
Ponte Alta do Tocantins;1717909;95,0;85,0;55,0;55,0;44,0;113,0;73,0;
Porto Alegre do Tocantins;1718006;32,0;34,0;0,0;0,0;0,0;0,0;0,0;
Porto Nacional;1718204;1124,0;878,0;845,0;910,0;559,0;1062,0;912,0;
Praia Norte;1718303;77,0;33,0;47,0;19,0;839,0;688,0;339,0;
Presidente Kennedy;1718402;130,0;56,0;37,0;71,0;61,0;67,0;65,0;
Pugmil;1718451;74,0;70,0;66,0;0,0;18,0;42,0;48,0;
Recursolândia;1718501;26,0;28,0;27,0;25,0;12,0;26,0;0,0;
Riachinho;1718550;210,0;119,0;129,0;81,0;33,0;21,0;12,0;
Rio da Conceição;1718659;0,0;0,0;0,0;0,0;0,0;0,0;0,0;
Rio dos Bois;1718709;48,0;17,0;0,0;12,0;115,0;45,0;11,0;
Rio Sono;1718758;38,0;20,0;0,0;0,0;0,0;23,0;12,0;
Sampaio;1718808;38,0;54,0;0,0;0,0;0,0;0,0;0,0;
Sandolândia;1718840;0,0;0,0;0,0;0,0;0,0;9,0;16,0;
Santa Fé do Araguaia;1718865;185,0;110,0;130,0;137,0;137,0;206,0;166,0;
Santa Maria do Tocantins;1718881;64,0;23,0;0,0;0,0;0,0;0,0;31,0;
Santa Rita do Tocantins;1718899;24,0;0,0;0,0;0,0;0,0;26,0;39,0;
Santa Rosa do Tocantins;1718907;50,0;65,0;52,0;67,0;13,0;49,0;71,0;
Santa Tereza do Tocantins;1719004;44,0;20,0;9,0;12,0;9,0;0,0;0,0;
Santa Terezinha do Tocantins;1720002;18,0;23,0;0,0;0,0;0,0;54,0;37,0;
São Bento do Tocantins;1720101;111,0;0,0;26,0;157,0;119,0;125,0;124,0;
São Félix do Tocantins;1720150;0,0;0,0;0,0;35,0;16,0;29,0;23,0;
São Miguel do Tocantins;1720200;103,0;186,0;141,0;177,0;108,0;189,0;122,0;
São Salvador do Tocantins;1720259;0,0;0,0;0,0;0,0;0,0;0,0;0,0;
São Sebastião do Tocantins;1720309;109,0;35,0;62,0;18,0;0,0;0,0;23,0;
São Valério;1720499;109,0;54,0;29,0;74,0;39,0;48,0;51,0;
Silvanópolis;1720655;214,0;72,0;123,0;99,0;44,0;43,0;26,0;
Sítio Novo do Tocantins;1720804;149,0;43,0;64,0;35,0;193,0;295,0;230,0;
Sucupira;1720853;0,0;0,0;0,0;0,0;0,0;0,0;0,0;
Taguatinga;1720903;446,0;390,0;419,0;375,0;401,0;362,0;242,0;
Taipas do Tocantins;1720937;0,0;0,0;19,0;21,0;13,0;0,0;0,0;
Talismã;1720978;70,0;39,0;24,0;35,0;20,0;23,0;10,0;
Palmas;1721000;6583,0;5325,0;5452,0;5167,0;4191,0;4992,0;4674,0;
Tocantínia;1721109;189,0;229,0;233,0;202,0;191,0;156,0;252,0;
Tocantinópolis;1721208;518,0;481,0;390,0;423,0;334,0;404,0;395,0;
Tupirama;1721257;0,0;0,0;0,0;0,0;0,0;0,0;0,0;
Tupiratins;1721307;12,0;0,0;0,0;0,0;0,0;24,0;33,0;
Wanderlândia;1722081;334,0;285,0;162,0;198,0;125,0;183,0;250,0;
Xambioá;1722107;296,0;318,0;374,0;470,0;377,0;430,0;394,0;
Açailândia;2100055;2391,0;2513,0;2365,0;2215,0;1735,0;1755,0;1613,0;
Afonso Cunha;2100105;89,0;41,0;19,0;232,0;360,0;361,0;220,0;
Água Doce do Maranhão;2100154;519,0;586,0;517,0;434,0;417,0;200,0;323,0;
Alcântara;2100204;648,0;642,0;491,0;388,0;237,0;251,0;624,0;
Aldeias Altas;2100303;2457,0;2122,0;1610,0;1354,0;1344,0;992,0;1241,0;
Altamira do Maranhão;2100402;130,0;43,0;378,0;524,0;1157,0;1399,0;1243,0;
Alto Alegre do Maranhão;2100436;228,0;294,0;411,0;472,0;481,0;312,0;417,0;
Alto Alegre do Pindaré;2100477;1369,0;1351,0;1538,0;1274,0;1469,0;1230,0;920,0;
Alto Parnaíba;2100501;0,0;0,0;100,0;188,0;191,0;193,0;172,0;
Amapá do Maranhão;2100550;0,0;0,0;0,0;29,0;262,0;169,0;174,0;
Amarante do Maranhão;2100600;971,0;843,0;1227,0;646,0;704,0;1013,0;738,0;
Anajatuba;2100709;430,0;330,0;453,0;299,0;203,0;211,0;417,0;
Anapurus;2100808;776,0;505,0;187,0;468,0;731,0;743,0;1167,0;
Apicum-Açu;2100832;265,0;490,0;337,0;425,0;436,0;323,0;563,0;
Araguanã;2100873;229,0;0,0;552,0;573,0;850,0;900,0;1252,0;
Araioses;2100907;3473,0;3790,0;1476,0;1472,0;983,0;626,0;588,0;
Arame;2100956;389,0;292,0;388,0;442,0;381,0;351,0;734,0;
Arari;2101004;1728,0;1293,0;1775,0;1298,0;560,0;369,0;326,0;
Axixá;2101103;175,0;127,0;154,0;190,0;163,0;91,0;52,0;
Bacabal;2101202;3842,0;2765,0;2704,0;2794,0;2060,0;1716,0;1934,0;
Bacabeira;2101251;425,0;460,0;325,0;275,0;258,0;212,0;235,0;
Bacuri;2101301;953,0;758,0;951,0;879,0;975,0;728,0;502,0;
Bacurituba;2101350;39,0;72,0;113,0;145,0;111,0;120,0;127,0;
Balsas;2101400;1941,0;2130,0;1663,0;1556,0;1347,0;1108,0;1001,0;
Barão de Grajaú;2101509;379,0;440,0;475,0;440,0;524,0;587,0;466,0;
Barra do Corda;2101608;1742,0;2435,0;2481,0;2210,0;1597,0;2124,0;2296,0;
Barreirinhas;2101707;1829,0;1950,0;1524,0;1542,0;1672,0;1187,0;1036,0;
Belágua;2101731;500,0;516,0;527,0;426,0;310,0;354,0;260,0;
Bela Vista do Maranhão;2101772;751,0;721,0;705,0;698,0;889,0;684,0;910,0;
Benedito Leite;2101806;151,0;107,0;145,0;238,0;127,0;91,0;105,0;
Bequimão;2101905;269,0;265,0;583,0;454,0;300,0;318,0;137,0;
Bernardo do Mearim;2101939;86,0;120,0;118,0;172,0;216,0;132,0;140,0;
Boa Vista do Gurupi;2101970;285,0;165,0;366,0;266,0;206,0;221,0;91,0;
Bom Jardim;2102002;1631,0;1757,0;1556,0;1224,0;1172,0;1081,0;707,0;
Bom Jesus das Selvas;2102036;939,0;921,0;1189,0;1082,0;899,0;517,0;594,0;
Bom Lugar;2102077;58,0;0,0;236,0;293,0;210,0;164,0;299,0;
Brejo;2102101;1633,0;1163,0;1080,0;1597,0;1374,0;1708,0;964,0;
Brejo de Areia;2102150;106,0;120,0;169,0;202,0;396,0;563,0;583,0;
Buriti;2102200;987,0;1207,0;1543,0;1456,0;1525,0;1402,0;1764,0;
Buriti Bravo;2102309;969,0;1069,0;813,0;825,0;520,0;457,0;437,0;
Buriticupu;2102325;2105,0;1747,0;1640,0;1621,0;1641,0;2155,0;1858,0;
Buritirana;2102358;443,0;280,0;276,0;194,0;79,0;125,0;80,0;
Cachoeira Grande;2102374;476,0;387,0;254,0;175,0;163,0;151,0;130,0;
Cajapió;2102408;55,0;255,0;298,0;266,0;221,0;241,0;163,0;
Cajari;2102507;507,0;408,0;950,0;857,0;845,0;758,0;643,0;
Campestre do Maranhão;2102556;0,0;41,0;246,0;321,0;392,0;392,0;396,0;
Cândido Mendes;2102606;1002,0;1070,0;1087,0;1006,0;710,0;786,0;1236,0;
Cantanhede;2102705;177,0;647,0;1975,0;1834,0;1785,0;2020,0;1529,0;
Capinzal do Norte;2102754;492,0;582,0;903,0;1375,0;1269,0;979,0;705,0;
Carolina;2102804;777,0;918,0;596,0;543,0;576,0;652,0;593,0;
Carutapera;2102903;105,0;167,0;446,0;691,0;448,0;397,0;334,0;
Caxias;2103000;5740,0;5592,0;4386,0;4234,0;3627,0;3092,0;3903,0;
Cedral;2103109;191,0;142,0;169,0;205,0;207,0;164,0;60,0;
Central do Maranhão;2103125;644,0;620,0;604,0;422,0;359,0;256,0;294,0;
Centro do Guilherme;2103158;455,0;369,0;655,0;601,0;416,0;441,0;432,0;
Centro Novo do Maranhão;2103174;106,0;118,0;418,0;757,0;1295,0;848,0;1359,0;
Chapadinha;2103208;842,0;804,0;883,0;630,0;452,0;376,0;656,0;
Cidelândia;2103257;370,0;336,0;110,0;131,0;65,0;127,0;325,0;
Codó;2103307;4873,0;4737,0;4566,0;3940,0;2453,0;2372,0;3696,0;
Coelho Neto;2103406;1587,0;1157,0;1302,0;1608,0;2077,0;2415,0;3139,0;
Colinas;2103505;1238,0;959,0;730,0;619,0;564,0;297,0;245,0;
Conceição do Lago-Açu;2103554;258,0;272,0;161,0;141,0;216,0;137,0;349,0;
Coroatá;2103604;1697,0;1367,0;1319,0;1332,0;1117,0;1070,0;1106,0;
Cururupu;2103703;456,0;707,0;631,0;759,0;1002,0;1024,0;609,0;
Davinópolis;2103752;58,0;270,0;261,0;338,0;299,0;271,0;307,0;
Dom Pedro;2103802;714,0;648,0;624,0;926,0;1331,0;961,0;687,0;
Duque Bacelar;2103901;454,0;404,0;626,0;679,0;691,0;775,0;662,0;
Esperantinópolis;2104008;451,0;553,0;650,0;687,0;827,0;569,0;529,0;
Estreito;2104057;957,0;1056,0;1000,0;392,0;680,0;714,0;537,0;
Feira Nova do Maranhão;2104073;117,0;146,0;124,0;116,0;73,0;68,0;82,0;
Fernando Falcão;2104081;25,0;13,0;515,0;518,0;455,0;483,0;840,0;
Formosa da Serra Negra;2104099;264,0;212,0;94,0;222,0;317,0;357,0;262,0;
Fortaleza dos Nogueiras;2104107;544,0;485,0;449,0;468,0;358,0;423,0;337,0;
Fortuna;2104206;217,0;113,0;204,0;211,0;129,0;126,0;227,0;
Godofredo Viana;2104305;205,0;261,0;196,0;210,0;197,0;227,0;557,0;
Gonçalves Dias;2104404;507,0;387,0;273,0;279,0;430,0;179,0;122,0;
Governador Archer;2104503;69,0;246,0;473,0;461,0;347,0;427,0;445,0;
Governador Edison Lobão;2104552;398,0;386,0;422,0;321,0;306,0;318,0;233,0;
Governador Eugênio Barros;2104602;584,0;444,0;629,0;559,0;561,0;445,0;58,0;
Governador Luiz Rocha;2104628;343,0;245,0;208,0;111,0;125,0;123,0;117,0;
Governador Newton Bello;2104651;146,0;134,0;289,0;280,0;234,0;253,0;189,0;
Governador Nunes Freire;2104677;655,0;827,0;1105,0;665,0;661,0;549,0;1067,0;
Graça Aranha;2104701;80,0;122,0;115,0;96,0;70,0;73,0;66,0;
Grajaú;2104800;1153,0;1504,0;1416,0;1112,0;1356,0;2108,0;2490,0;
Guimarães;2104909;199,0;128,0;162,0;123,0;173,0;90,0;72,0;
Humberto de Campos;2105005;605,0;500,0;633,0;456,0;416,0;475,0;395,0;
Icatu;2105104;469,0;594,0;784,0;756,0;706,0;659,0;622,0;
Igarapé do Meio;2105153;744,0;637,0;1493,0;1256,0;1245,0;1564,0;1562,0;
Igarapé Grande;2105203;387,0;422,0;643,0;435,0;460,0;516,0;652,0;
Imperatriz;2105302;5156,0;5511,0;5167,0;4968,0;4313,0;4573,0;4134,0;
Itaipava do Grajaú;2105351;151,0;163,0;0,0;558,0;798,0;693,0;498,0;
Itapecuru Mirim;2105401;1382,0;1512,0;1848,0;2317,0;2908,0;1847,0;1614,0;
Itinga do Maranhão;2105427;669,0;673,0;792,0;621,0;658,0;893,0;620,0;
Jatobá;2105450;196,0;201,0;143,0;84,0;65,0;91,0;118,0;
Jenipapo dos Vieiras;2105476;391,0;631,0;763,0;276,0;412,0;1002,0;1004,0;
João Lisboa;2105500;972,0;674,0;633,0;386,0;575,0;714,0;956,0;
Joselândia;2105609;214,0;186,0;218,0;311,0;307,0;213,0;144,0;
Junco do Maranhão;2105658;328,0;207,0;180,0;111,0;51,0;38,0;85,0;
Lago da Pedra;2105708;949,0;851,0;1101,0;946,0;851,0;742,0;769,0;
Lago do Junco;2105807;336,0;322,0;334,0;307,0;176,0;239,0;567,0;
Lago Verde;2105906;428,0;279,0;410,0;240,0;166,0;145,0;152,0;
Lagoa do Mato;2105922;652,0;352,0;233,0;279,0;315,0;434,0;380,0;
Lago dos Rodrigues;2105948;301,0;318,0;282,0;257,0;288,0;193,0;172,0;
Lagoa Grande do Maranhão;2105963;207,0;176,0;176,0;200,0;116,0;122,0;197,0;
Lajeado Novo;2105989;263,0;180,0;110,0;112,0;78,0;60,0;160,0;
Lima Campos;2106003;469,0;418,0;162,0;154,0;91,0;73,0;59,0;
Loreto;2106102;203,0;284,0;361,0;276,0;256,0;248,0;211,0;
Luís Domingues;2106201;204,0;174,0;191,0;209,0;121,0;182,0;136,0;
Magalhães de Almeida;2106300;657,0;866,0;831,0;979,0;1441,0;1640,0;1561,0;
Maracaçumé;2106326;829,0;614,0;682,0;590,0;523,0;421,0;427,0;
Marajá do Sena;2106359;19,0;6,0;167,0;117,0;142,0;121,0;51,0;
Maranhãozinho;2106375;367,0;503,0;588,0;418,0;507,0;568,0;474,0;
Mata Roma;2106409;640,0;942,0;991,0;1262,0;1419,0;1674,0;1444,0;
Matinha;2106508;1187,0;884,0;446,0;304,0;229,0;197,0;377,0;
Matões;2106607;1223,0;1295,0;1662,0;1823,0;1520,0;978,0;1175,0;
Matões do Norte;2106631;819,0;832,0;948,0;1157,0;1301,0;2290,0;1916,0;
Milagres do Maranhão;2106672;78,0;45,0;118,0;357,0;181,0;261,0;405,0;
Mirador;2106706;705,0;652,0;342,0;506,0;416,0;393,0;409,0;
Miranda do Norte;2106755;658,0;614,0;635,0;776,0;603,0;877,0;784,0;
Mirinzal;2106805;257,0;325,0;180,0;197,0;244,0;216,0;244,0;
Monção;2106904;1452,0;1335,0;1383,0;1292,0;1340,0;1302,0;976,0;
Montes Altos;2107001;224,0;133,0;256,0;179,0;183,0;185,0;155,0;
Morros;2107100;1120,0;1193,0;1257,0;1515,0;1296,0;1182,0;898,0;
Nina Rodrigues;2107209;106,0;175,0;382,0;517,0;240,0;160,0;335,0;
Nova Colinas;2107258;125,0;148,0;87,0;113,0;161,0;134,0;85,0;
Nova Iorque;2107308;59,0;61,0;29,0;32,0;25,0;15,0;161,0;
Nova Olinda do Maranhão;2107357;892,0;781,0;803,0;714,0;1498,0;1173,0;996,0;
Olho d'Água das Cunhãs;2107407;699,0;696,0;410,0;272,0;348,0;251,0;470,0;
Olinda Nova do Maranhão;2107456;464,0;310,0;460,0;470,0;291,0;332,0;505,0;
Paço do Lumiar;2107506;2182,0;2046,0;2280,0;2370,0;2154,0;2224,0;2004,0;
Palmeirândia;2107605;577,0;593,0;569,0;612,0;402,0;472,0;268,0;
Paraibano;2107704;240,0;185,0;155,0;105,0;125,0;73,0;82,0;
Parnarama;2107803;1188,0;1028,0;1182,0;1140,0;855,0;633,0;555,0;
Passagem Franca;2107902;259,0;351,0;341,0;235,0;342,0;273,0;217,0;
Pastos Bons;2108009;440,0;193,0;147,0;168,0;160,0;134,0;778,0;
Paulino Neves;2108058;724,0;826,0;727,0;604,0;450,0;284,0;293,0;
Paulo Ramos;2108108;1740,0;1654,0;1285,0;1507,0;1148,0;819,0;1022,0;
Pedreiras;2108207;1248,0;1120,0;966,0;1133,0;825,0;680,0;815,0;
Pedro do Rosário;2108256;1068,0;758,0;2006,0;2230,0;2437,0;2827,0;3269,0;
Penalva;2108306;630,0;999,0;134,0;276,0;105,0;194,0;537,0;
Peri Mirim;2108405;426,0;231,0;326,0;447,0;415,0;640,0;493,0;
Peritoró;2108454;2371,0;2021,0;2159,0;1999,0;1706,0;759,0;1288,0;
Pindaré-Mirim;2108504;2584,0;2152,0;2435,0;2938,0;3018,0;2299,0;2213,0;
Pinheiro;2108603;3178,0;2655,0;2197,0;1848,0;1511,0;1418,0;1036,0;
Pio XII;2108702;1094,0;963,0;1731,0;2863,0;2414,0;1867,0;2336,0;
Pirapemas;2108801;459,0;430,0;572,0;785,0;1611,0;1915,0;2267,0;
Poção de Pedras;2108900;1325,0;1002,0;1340,0;1215,0;1420,0;1373,0;1455,0;
Porto Franco;2109007;485,0;575,0;575,0;530,0;902,0;1100,0;1136,0;
Porto Rico do Maranhão;2109056;330,0;314,0;193,0;186,0;71,0;38,0;82,0;
Presidente Dutra;2109106;837,0;851,0;810,0;828,0;899,0;639,0;749,0;
Presidente Juscelino;2109205;794,0;377,0;578,0;212,0;162,0;166,0;171,0;
Presidente Médici;2109239;177,0;216,0;191,0;119,0;107,0;100,0;78,0;
Presidente Sarney;2109270;726,0;596,0;271,0;227,0;251,0;148,0;211,0;
Presidente Vargas;2109304;439,0;554,0;616,0;723,0;602,0;590,0;633,0;
Primeira Cruz;2109403;257,0;236,0;725,0;1116,0;1309,0;1122,0;1511,0;
Raposa;2109452;902,0;835,0;1025,0;863,0;789,0;743,0;662,0;
Riachão;2109502;472,0;482,0;422,0;333,0;247,0;173,0;143,0;
Ribamar Fiquene;2109551;191,0;231,0;202,0;218,0;256,0;191,0;202,0;
Rosário;2109601;1067,0;1040,0;921,0;924,0;822,0;876,0;1006,0;
Sambaíba;2109700;87,0;66,0;65,0;28,0;26,0;17,0;32,0;
Santa Filomena do Maranhão;2109759;93,0;62,0;173,0;39,0;281,0;216,0;202,0;
Santa Helena;2109809;1503,0;1764,0;2016,0;1956,0;1581,0;690,0;1284,0;
Santa Inês;2109908;888,0;1046,0;1055,0;991,0;1327,0;1648,0;1982,0;
Santa Luzia;2110005;1832,0;1931,0;1825,0;1837,0;1191,0;1234,0;996,0;
Santa Luzia do Paruá;2110039;714,0;681,0;600,0;506,0;411,0;470,0;491,0;
Santa Quitéria do Maranhão;2110104;805,0;868,0;744,0;1111,0;993,0;710,0;1000,0;
Santa Rita;2110203;3123,0;2920,0;2456,0;1319,0;1946,0;1712,0;1597,0;
Santana do Maranhão;2110237;441,0;446,0;497,0;610,0;650,0;653,0;691,0;
Santo Amaro do Maranhão;2110278;432,0;341,0;358,0;97,0;12,0;86,0;412,0;
Santo Antônio dos Lopes;2110302;316,0;227,0;297,0;595,0;503,0;567,0;370,0;
São Benedito do Rio Preto;2110401;1179,0;1102,0;1034,0;934,0;925,0;581,0;661,0;
São Bento;2110500;1742,0;1742,0;1711,0;1868,0;1910,0;1077,0;1498,0;
São Bernardo;2110609;662,0;879,0;888,0;864,0;618,0;655,0;330,0;
São Domingos do Azeitão;2110658;164,0;14,0;106,0;105,0;97,0;78,0;74,0;
São Domingos do Maranhão;2110708;907,0;829,0;1027,0;987,0;1034,0;829,0;674,0;
São Félix de Balsas;2110807;0,0;0,0;0,0;47,0;81,0;46,0;66,0;
São Francisco do Brejão;2110856;155,0;102,0;91,0;85,0;80,0;56,0;103,0;
São Francisco do Maranhão;2110906;47,0;63,0;142,0;98,0;268,0;146,0;150,0;
São João Batista;2111003;1096,0;1073,0;1011,0;1098,0;1004,0;1077,0;634,0;
São João do Carú;2111029;776,0;838,0;590,0;510,0;345,0;692,0;888,0;
São João do Paraíso;2111052;1050,0;963,0;613,0;258,0;165,0;223,0;509,0;
São João do Soter;2111078;696,0;728,0;364,0;590,0;853,0;1173,0;884,0;
São João dos Patos;2111102;563,0;546,0;591,0;548,0;636,0;679,0;471,0;
São José de Ribamar;2111201;3356,0;2803,0;2605,0;2451,0;2185,0;2172,0;1959,0;
São José dos Basílios;2111250;5,0;8,0;8,0;5,0;0,0;37,0;46,0;
São Luís;2111300;28981,0;28792,0;26672,0;24505,0;23414,0;22000,0;19450,0;
São Luís Gonzaga do Maranhão;2111409;567,0;588,0;662,0;796,0;777,0;817,0;783,0;
São Mateus do Maranhão;2111508;997,0;878,0;885,0;881,0;749,0;556,0;660,0;
São Pedro da Água Branca;2111532;118,0;69,0;130,0;73,0;88,0;143,0;210,0;
São Pedro dos Crentes;2111573;58,0;32,0;41,0;60,0;41,0;37,0;40,0;
São Raimundo das Mangabeiras;2111607;499,0;478,0;426,0;414,0;408,0;348,0;297,0;
São Raimundo do Doca Bezerra;2111631;167,0;134,0;139,0;150,0;89,0;99,0;81,0;
São Roberto;2111672;249,0;308,0;462,0;482,0;448,0;440,0;518,0;
São Vicente Ferrer;2111706;438,0;476,0;387,0;188,0;214,0;140,0;228,0;
Satubinha;2111722;377,0;351,0;273,0;395,0;467,0;361,0;633,0;
Senador Alexandre Costa;2111748;137,0;214,0;189,0;190,0;127,0;59,0;238,0;
Senador La Rocque;2111763;479,0;673,0;399,0;762,0;721,0;530,0;605,0;
Serrano do Maranhão;2111789;501,0;375,0;173,0;193,0;144,0;144,0;101,0;
Sítio Novo;2111805;276,0;293,0;320,0;233,0;233,0;207,0;385,0;
Sucupira do Norte;2111904;118,0;98,0;124,0;103,0;43,0;32,0;60,0;
Sucupira do Riachão;2111953;144,0;147,0;138,0;82,0;75,0;52,0;117,0;
Tasso Fragoso;2112001;149,0;97,0;103,0;100,0;62,0;100,0;169,0;
Timbiras;2112100;1185,0;976,0;959,0;342,0;211,0;333,0;524,0;
Timon;2112209;9552,0;8486,0;8116,0;6625,0;6643,0;5405,0;4820,0;
Trizidela do Vale;2112233;820,0;810,0;566,0;572,0;457,0;311,0;490,0;
Tufilândia;2112274;383,0;452,0;281,0;235,0;271,0;174,0;438,0;
Tuntum;2112308;712,0;817,0;1141,0;995,0;866,0;839,0;921,0;
Turiaçu;2112407;875,0;848,0;1774,0;1404,0;1165,0;675,0;638,0;
Turilândia;2112456;946,0;1086,0;1059,0;547,0;536,0;341,0;300,0;
Tutóia;2112506;865,0;1233,0;1350,0;905,0;882,0;727,0;591,0;
Urbano Santos;2112605;609,0;581,0;897,0;546,0;553,0;196,0;1482,0;
Vargem Grande;2112704;1344,0;1779,0;2181,0;2772,0;2323,0;1760,0;1478,0;
Viana;2112803;2126,0;2186,0;2112,0;2318,0;2274,0;2323,0;1743,0;
Vila Nova dos Martírios;2112852;370,0;274,0;125,0;207,0;154,0;158,0;247,0;
Vitória do Mearim;2112902;1479,0;702,0;891,0;706,0;521,0;352,0;329,0;
Vitorino Freire;2113009;1190,0;1481,0;1420,0;1314,0;1352,0;873,0;742,0;
Zé Doca;2114007;2175,0;2302,0;2581,0;2184,0;2312,0;2178,0;2190,0;
Acauã;2200053;127,0;92,0;105,0;50,0;11,0;9,0;11,0;
Agricolândia;2200103;99,0;122,0;52,0;91,0;90,0;85,0;90,0;
Água Branca;2200202;1215,0;1337,0;1049,0;1411,0;1043,0;1268,0;1163,0;
Alagoinha do Piauí;2200251;452,0;325,0;109,0;88,0;79,0;104,0;117,0;
Alegrete do Piauí;2200277;223,0;223,0;311,0;159,0;407,0;209,0;316,0;
Alto Longá;2200301;293,0;224,0;392,0;291,0;294,0;204,0;168,0;
Altos;2200400;1379,0;1404,0;1317,0;1102,0;1008,0;1026,0;1062,0;
Alvorada do Gurguéia;2200459;201,0;171,0;199,0;253,0;258,0;186,0;331,0;
Amarante;2200509;642,0;561,0;587,0;491,0;659,0;654,0;591,0;
Angical do Piauí;2200608;224,0;211,0;189,0;141,0;63,0;83,0;128,0;
Anísio de Abreu;2200707;659,0;592,0;470,0;288,0;200,0;124,0;287,0;
Antônio Almeida;2200806;43,0;57,0;144,0;150,0;114,0;110,0;107,0;
Aroazes;2200905;624,0;288,0;209,0;189,0;177,0;104,0;86,0;
Aroeiras do Itaim;2200954;62,0;129,0;139,0;92,0;79,0;145,0;193,0;
Arraial;2201002;235,0;117,0;128,0;150,0;210,0;233,0;326,0;
Assunção do Piauí;2201051;252,0;209,0;357,0;219,0;205,0;255,0;177,0;
Avelino Lopes;2201101;187,0;229,0;215,0;240,0;206,0;184,0;210,0;
Baixa Grande do Ribeiro;2201150;338,0;397,0;396,0;447,0;487,0;454,0;400,0;
Barra d'Alcântara;2201176;73,0;95,0;143,0;146,0;139,0;93,0;144,0;
Barras;2201200;1536,0;1599,0;1190,0;965,0;708,0;688,0;754,0;
Barreiras do Piauí;2201309;0,0;54,0;70,0;72,0;106,0;106,0;125,0;
Barro Duro;2201408;394,0;245,0;305,0;167,0;146,0;124,0;149,0;
Batalha;2201507;1002,0;645,0;531,0;358,0;493,0;487,0;343,0;
Bela Vista do Piauí;2201556;143,0;69,0;57,0;58,0;47,0;36,0;49,0;
Belém do Piauí;2201572;34,0;28,0;64,0;127,0;126,0;107,0;154,0;
Beneditinos;2201606;335,0;302,0;732,0;636,0;787,0;711,0;715,0;
Bertolínia;2201705;97,0;196,0;221,0;141,0;259,0;161,0;323,0;
Betânia do Piauí;2201739;334,0;193,0;170,0;92,0;69,0;23,0;120,0;
Boa Hora;2201770;336,0;381,0;308,0;609,0;472,0;400,0;259,0;
Bocaina;2201804;189,0;97,0;217,0;251,0;220,0;269,0;266,0;
Bom Jesus;2201903;578,0;769,0;750,0;769,0;693,0;562,0;769,0;
Bom Princípio do Piauí;2201919;90,0;72,0;110,0;42,0;132,0;125,0;141,0;
Bonfim do Piauí;2201929;96,0;103,0;95,0;142,0;68,0;61,0;65,0;
Boqueirão do Piauí;2201945;105,0;95,0;147,0;159,0;164,0;149,0;215,0;
Brasileira;2201960;209,0;116,0;169,0;200,0;157,0;156,0;111,0;
Brejo do Piauí;2201988;140,0;124,0;103,0;77,0;92,0;58,0;71,0;
Buriti dos Lopes;2202000;767,0;944,0;547,0;657,0;666,0;605,0;835,0;
Buriti dos Montes;2202026;423,0;905,0;689,0;515,0;731,0;473,0;209,0;
Cabeceiras do Piauí;2202059;274,0;237,0;336,0;168,0;160,0;151,0;226,0;
Cajazeiras do Piauí;2202075;114,0;77,0;18,0;22,0;103,0;93,0;41,0;
Cajueiro da Praia;2202083;151,0;131,0;135,0;138,0;175,0;145,0;24,0;
Caldeirão Grande do Piauí;2202091;332,0;255,0;223,0;204,0;220,0;180,0;188,0;
Campinas do Piauí;2202109;439,0;264,0;266,0;296,0;247,0;158,0;111,0;
Campo Alegre do Fidalgo;2202117;270,0;243,0;398,0;322,0;339,0;319,0;354,0;
Campo Grande do Piauí;2202133;185,0;39,0;53,0;78,0;69,0;112,0;158,0;
Campo Largo do Piauí;2202174;96,0;107,0;31,0;83,0;221,0;213,0;226,0;
Campo Maior;2202208;2296,0;2520,0;2164,0;2408,0;2464,0;2540,0;1918,0;
Canavieira;2202251;378,0;383,0;234,0;262,0;143,0;159,0;208,0;
Canto do Buriti;2202307;280,0;492,0;774,0;639,0;635,0;740,0;612,0;
Capitão de Campos;2202406;495,0;472,0;477,0;455,0;485,0;464,0;472,0;
Capitão Gervásio Oliveira;2202455;115,0;45,0;59,0;202,0;155,0;36,0;32,0;
Caracol;2202505;469,0;472,0;494,0;167,0;266,0;2237,0;958,0;
Caraúbas do Piauí;2202539;175,0;240,0;270,0;231,0;272,0;279,0;162,0;
Caridade do Piauí;2202554;94,0;86,0;83,0;85,0;219,0;96,0;61,0;
Castelo do Piauí;2202604;1037,0;1060,0;897,0;781,0;891,0;480,0;473,0;
Caxingó;2202653;229,0;292,0;423,0;330,0;294,0;204,0;178,0;
Cocal;2202703;647,0;754,0;585,0;717,0;649,0;763,0;861,0;
Cocal de Telha;2202711;106,0;110,0;80,0;87,0;69,0;67,0;137,0;
Cocal dos Alves;2202729;93,0;35,0;376,0;190,0;133,0;215,0;158,0;
Coivaras;2202737;136,0;187,0;270,0;235,0;175,0;208,0;107,0;
Colônia do Gurguéia;2202752;364,0;129,0;267,0;247,0;299,0;276,0;264,0;
Colônia do Piauí;2202778;180,0;190,0;135,0;59,0;28,0;67,0;19,0;
Conceição do Canindé;2202802;138,0;160,0;126,0;127,0;115,0;111,0;76,0;
Coronel José Dias;2202851;39,0;76,0;165,0;179,0;157,0;29,0;92,0;
Corrente;2202901;350,0;399,0;458,0;1156,0;351,0;388,0;477,0;
Cristalândia do Piauí;2203008;170,0;115,0;118,0;100,0;121,0;125,0;172,0;
Cristino Castro;2203107;333,0;412,0;391,0;593,0;601,0;525,0;431,0;
Curimatá;2203206;152,0;249,0;238,0;215,0;160,0;238,0;299,0;
Currais;2203230;39,0;64,0;29,0;115,0;292,0;10,0;66,0;
Curralinhos;2203255;127,0;90,0;0,0;239,0;145,0;105,0;124,0;
Curral Novo do Piauí;2203271;48,0;59,0;101,0;119,0;45,0;39,0;46,0;
Demerval Lobão;2203305;520,0;517,0;741,0;495,0;415,0;480,0;771,0;
Dirceu Arcoverde;2203354;897,0;91,0;194,0;247,0;396,0;363,0;993,0;
Dom Expedito Lopes;2203404;188,0;188,0;292,0;313,0;368,0;246,0;266,0;
Domingos Mourão;2203420;80,0;81,0;103,0;85,0;57,0;34,0;45,0;
Dom Inocêncio;2203453;39,0;183,0;326,0;568,0;658,0;361,0;557,0;
Elesbão Veloso;2203503;488,0;554,0;428,0;555,0;695,0;583,0;383,0;
Eliseu Martins;2203602;179,0;241,0;230,0;241,0;220,0;169,0;158,0;
Esperantina;2203701;935,0;827,0;552,0;604,0;647,0;584,0;749,0;
Fartura do Piauí;2203750;136,0;80,0;45,0;66,0;56,0;76,0;81,0;
Flores do Piauí;2203800;73,0;88,0;51,0;52,0;83,0;104,0;62,0;
Floresta do Piauí;2203859;126,0;153,0;149,0;83,0;70,0;70,0;21,0;
Floriano;2203909;2483,0;2502,0;2261,0;2274,0;2175,0;2078,0;1880,0;
Francinópolis;2204006;117,0;117,0;147,0;178,0;171,0;104,0;153,0;
Francisco Ayres;2204105;88,0;114,0;95,0;168,0;169,0;110,0;163,0;
Francisco Macedo;2204154;81,0;49,0;0,0;90,0;100,0;57,0;45,0;
Francisco Santos;2204204;305,0;295,0;395,0;438,0;181,0;161,0;208,0;
Fronteiras;2204303;344,0;516,0;472,0;464,0;389,0;187,0;401,0;
Geminiano;2204352;140,0;122,0;142,0;145,0;76,0;69,0;28,0;
Gilbués;2204402;447,0;414,0;335,0;409,0;372,0;328,0;315,0;
Guadalupe;2204501;575,0;511,0;490,0;435,0;442,0;379,0;278,0;
Guaribas;2204550;54,0;163,0;131,0;126,0;88,0;76,0;125,0;
Hugo Napoleão;2204600;146,0;127,0;116,0;210,0;220,0;160,0;186,0;
Ilha Grande;2204659;396,0;467,0;517,0;425,0;258,0;261,0;236,0;
Inhuma;2204709;508,0;503,0;450,0;278,0;70,0;53,0;45,0;
Ipiranga do Piauí;2204808;172,0;175,0;244,0;243,0;249,0;197,0;347,0;
Isaías Coelho;2204907;120,0;262,0;291,0;368,0;345,0;250,0;191,0;
Itainópolis;2205003;572,0;674,0;939,0;1042,0;1200,0;1422,0;1018,0;
Itaueira;2205102;602,0;423,0;564,0;386,0;316,0;243,0;263,0;
Jacobina do Piauí;2205151;138,0;38,0;122,0;143,0;355,0;366,0;402,0;
Jaicós;2205201;559,0;506,0;668,0;495,0;473,0;457,0;377,0;
Jardim do Mulato;2205250;117,0;99,0;61,0;54,0;49,0;24,0;38,0;
Jatobá do Piauí;2205276;232,0;262,0;298,0;290,0;130,0;115,0;169,0;
Jerumenha;2205300;201,0;155,0;120,0;268,0;190,0;282,0;242,0;
João Costa;2205359;0,0;112,0;103,0;127,0;75,0;11,0;32,0;
Joaquim Pires;2205409;197,0;220,0;150,0;177,0;205,0;243,0;246,0;
Joca Marques;2205458;172,0;191,0;188,0;180,0;45,0;195,0;192,0;
José de Freitas;2205508;1579,0;1808,0;1683,0;1539,0;1613,0;1481,0;1403,0;
Juazeiro do Piauí;2205516;195,0;129,0;128,0;103,0;68,0;101,0;148,0;
Júlio Borges;2205524;0,0;38,0;226,0;131,0;134,0;177,0;109,0;
Jurema;2205532;126,0;167,0;205,0;178,0;227,0;339,0;141,0;
Lagoinha do Piauí;2205540;55,0;55,0;53,0;80,0;57,0;43,0;27,0;
Lagoa Alegre;2205557;267,0;221,0;195,0;154,0;120,0;90,0;72,0;
Lagoa do Barro do Piauí;2205565;16,0;22,0;64,0;37,0;37,0;33,0;42,0;
Lagoa de São Francisco;2205573;246,0;198,0;185,0;159,0;203,0;83,0;83,0;
Lagoa do Piauí;2205581;0,0;0,0;0,0;0,0;0,0;0,0;0,0;
Lagoa do Sítio;2205599;321,0;260,0;332,0;454,0;295,0;178,0;293,0;
Landri Sales;2205607;141,0;143,0;130,0;213,0;151,0;159,0;250,0;
Luís Correia;2205706;1360,0;1463,0;1268,0;1169,0;812,0;880,0;740,0;
Luzilândia;2205805;1830,0;1682,0;1316,0;1555,0;1451,0;1321,0;1340,0;
Madeiro;2205854;62,0;13,0;0,0;70,0;23,0;137,0;74,0;
Manoel Emídio;2205904;230,0;196,0;137,0;276,0;131,0;144,0;235,0;
Marcolândia;2205953;124,0;90,0;207,0;304,0;357,0;231,0;203,0;
Marcos Parente;2206001;81,0;52,0;172,0;115,0;162,0;147,0;220,0;
Massapê do Piauí;2206050;166,0;143,0;34,0;30,0;26,0;0,0;16,0;
Matias Olímpio;2206100;130,0;210,0;482,0;194,0;377,0;69,0;58,0;
Miguel Alves;2206209;1303,0;514,0;518,0;314,0;441,0;520,0;945,0;
Miguel Leão;2206308;74,0;56,0;109,0;81,0;32,0;49,0;41,0;
Milton Brandão;2206357;99,0;95,0;291,0;269,0;43,0;104,0;150,0;
Monsenhor Gil;2206407;454,0;568,0;480,0;349,0;168,0;118,0;130,0;
Monsenhor Hipólito;2206506;134,0;185,0;269,0;261,0;311,0;224,0;209,0;
Monte Alegre do Piauí;2206605;307,0;287,0;417,0;386,0;279,0;281,0;353,0;
Morro Cabeça no Tempo;2206654;61,0;34,0;72,0;118,0;118,0;63,0;82,0;
Morro do Chapéu do Piauí;2206670;199,0;194,0;304,0;303,0;262,0;249,0;257,0;
Murici dos Portelas;2206696;277,0;291,0;337,0;349,0;332,0;383,0;319,0;
Nazaré do Piauí;2206704;281,0;261,0;187,0;232,0;208,0;205,0;312,0;
Nazária;2206720;;;229,0;173,0;149,0;124,0;45,0;
Nossa Senhora de Nazaré;2206753;77,0;93,0;67,0;60,0;43,0;0,0;558,0;
Nossa Senhora dos Remédios;2206803;1081,0;1098,0;1131,0;1107,0;1418,0;1223,0;1414,0;
Novo Oriente do Piauí;2206902;142,0;149,0;164,0;245,0;267,0;260,0;281,0;
Novo Santo Antônio;2206951;0,0;66,0;81,0;60,0;26,0;27,0;45,0;
Oeiras;2207009;901,0;1305,0;920,0;989,0;1009,0;1159,0;1191,0;
Olho d'Água do Piauí;2207108;145,0;104,0;117,0;104,0;90,0;49,0;49,0;
Padre Marcos;2207207;193,0;206,0;232,0;176,0;152,0;182,0;242,0;
Paes Landim;2207306;140,0;131,0;108,0;107,0;117,0;116,0;140,0;
Pajeú do Piauí;2207355;132,0;124,0;87,0;48,0;32,0;27,0;49,0;
Palmeira do Piauí;2207405;75,0;33,0;103,0;108,0;112,0;98,0;109,0;
Palmeirais;2207504;526,0;611,0;678,0;519,0;306,0;299,0;598,0;
Paquetá;2207553;0,0;0,0;160,0;440,0;521,0;608,0;673,0;
Parnaguá;2207603;149,0;188,0;248,0;438,0;106,0;104,0;60,0;
Parnaíba;2207702;5181,0;5844,0;4905,0;4509,0;5040,0;5216,0;5168,0;
Passagem Franca do Piauí;2207751;230,0;168,0;305,0;278,0;404,0;465,0;247,0;
Patos do Piauí;2207777;71,0;99,0;113,0;122,0;88,0;48,0;24,0;
Pau d'Arco do Piauí;2207793;49,0;71,0;47,0;2,0;47,0;87,0;49,0;
Paulistana;2207801;686,0;865,0;1228,0;1528,0;1135,0;514,0;656,0;
Pavussu;2207850;128,0;112,0;127,0;55,0;49,0;37,0;25,0;
Pedro II;2207900;1855,0;1735,0;1222,0;1066,0;914,0;959,0;1012,0;
Pedro Laurentino;2207934;62,0;66,0;55,0;37,0;13,0;0,0;0,0;
Nova Santa Rita;2207959;103,0;146,0;112,0;134,0;126,0;119,0;111,0;
Picos;2208007;2028,0;2416,0;2056,0;2007,0;2191,0;2353,0;2741,0;
Pimenteiras;2208106;806,0;641,0;431,0;253,0;323,0;402,0;350,0;
Pio IX;2208205;569,0;495,0;546,0;543,0;453,0;609,0;678,0;
Piracuruca;2208304;615,0;1067,0;633,0;641,0;714,0;742,0;706,0;
Piripiri;2208403;1450,0;1462,0;1568,0;1283,0;1183,0;1174,0;1122,0;
Porto;2208502;596,0;537,0;497,0;534,0;616,0;665,0;653,0;
Porto Alegre do Piauí;2208551;183,0;169,0;57,0;106,0;65,0;46,0;0,0;
Prata do Piauí;2208601;94,0;123,0;120,0;72,0;126,0;115,0;116,0;
Queimada Nova;2208650;152,0;0,0;0,0;0,0;0,0;0,0;0,0;
Redenção do Gurguéia;2208700;283,0;230,0;331,0;346,0;293,0;278,0;261,0;
Regeneração;2208809;730,0;913,0;1016,0;754,0;666,0;713,0;619,0;
Riacho Frio;2208858;367,0;179,0;128,0;125,0;87,0;83,0;57,0;
Ribeira do Piauí;2208874;0,0;0,0;166,0;175,0;99,0;103,0;43,0;
Ribeiro Gonçalves;2208908;206,0;213,0;238,0;196,0;187,0;290,0;313,0;
Rio Grande do Piauí;2209005;202,0;153,0;123,0;168,0;129,0;127,0;79,0;
Santa Cruz do Piauí;2209104;107,0;180,0;168,0;145,0;187,0;346,0;317,0;
Santa Cruz dos Milagres;2209153;171,0;77,0;156,0;129,0;88,0;90,0;102,0;
Santa Filomena;2209203;235,0;176,0;303,0;200,0;303,0;296,0;173,0;
Santa Luz;2209302;107,0;92,0;155,0;206,0;282,0;273,0;275,0;
Santana do Piauí;2209351;126,0;55,0;73,0;50,0;70,0;82,0;34,0;
Santa Rosa do Piauí;2209377;120,0;121,0;80,0;140,0;61,0;62,0;0,0;
Santo Antônio de Lisboa;2209401;214,0;212,0;223,0;208,0;109,0;150,0;148,0;
Santo Antônio dos Milagres;2209450;184,0;158,0;137,0;113,0;189,0;137,0;112,0;
Santo Inácio do Piauí;2209500;161,0;126,0;194,0;201,0;189,0;94,0;270,0;
São Braz do Piauí;2209559;283,0;265,0;238,0;198,0;178,0;132,0;166,0;
São Félix do Piauí;2209609;187,0;113,0;219,0;273,0;203,0;225,0;156,0;
São Francisco de Assis do Piauí;2209658;122,0;150,0;203,0;83,0;39,0;52,0;32,0;
São Francisco do Piauí;2209708;118,0;160,0;341,0;491,0;785,0;844,0;958,0;
São Gonçalo do Gurguéia;2209757;75,0;62,0;163,0;131,0;151,0;141,0;129,0;
São Gonçalo do Piauí;2209807;34,0;95,0;190,0;127,0;89,0;66,0;84,0;
São João da Canabrava;2209856;124,0;152,0;89,0;92,0;99,0;48,0;60,0;
São João da Fronteira;2209872;158,0;188,0;150,0;132,0;43,0;47,0;0,0;
São João da Serra;2209906;125,0;228,0;265,0;363,0;342,0;237,0;213,0;
São João da Varjota;2209955;56,0;31,0;34,0;79,0;88,0;101,0;22,0;
São João do Arraial;2209971;0,0;126,0;253,0;237,0;113,0;119,0;108,0;
São João do Piauí;2210003;968,0;891,0;815,0;920,0;859,0;942,0;1135,0;
São José do Divino;2210052;240,0;284,0;256,0;199,0;222,0;253,0;214,0;
São José do Peixe;2210102;116,0;132,0;78,0;69,0;56,0;63,0;103,0;
São José do Piauí;2210201;194,0;165,0;110,0;136,0;94,0;99,0;89,0;
São Julião;2210300;179,0;198,0;216,0;175,0;209,0;143,0;465,0;
São Lourenço do Piauí;2210359;53,0;27,0;36,0;60,0;54,0;28,0;88,0;
São Luis do Piauí;2210375;0,0;31,0;12,0;0,0;0,0;0,0;0,0;
São Miguel da Baixa Grande;2210383;120,0;104,0;17,0;79,0;80,0;71,0;58,0;
São Miguel do Fidalgo;2210391;123,0;49,0;107,0;49,0;56,0;76,0;83,0;
São Miguel do Tapuio;2210409;273,0;241,0;521,0;514,0;537,0;453,0;685,0;
São Pedro do Piauí;2210508;414,0;357,0;322,0;304,0;227,0;264,0;359,0;
São Raimundo Nonato;2210607;594,0;653,0;640,0;595,0;696,0;842,0;813,0;
Sebastião Barros;2210623;0,0;0,0;103,0;141,0;88,0;87,0;64,0;
Sebastião Leal;2210631;88,0;143,0;78,0;78,0;69,0;31,0;37,0;
Sigefredo Pacheco;2210656;26,0;414,0;233,0;243,0;66,0;24,0;270,0;
Simões;2210706;221,0;129,0;178,0;247,0;336,0;319,0;437,0;
Simplício Mendes;2210805;362,0;265,0;310,0;401,0;430,0;393,0;287,0;
Socorro do Piauí;2210904;217,0;191,0;173,0;157,0;163,0;174,0;118,0;
Sussuapara;2210938;29,0;49,0;144,0;188,0;128,0;37,0;143,0;
Tamboril do Piauí;2210953;120,0;61,0;59,0;68,0;73,0;86,0;106,0;
Tanque do Piauí;2210979;78,0;90,0;69,0;30,0;87,0;59,0;96,0;
Teresina;2211001;28525,0;28576,0;28106,0;24542,0;21880,0;22107,0;20140,0;
União;2211100;1538,0;1309,0;1772,0;1607,0;1382,0;1505,0;1772,0;
Uruçuí;2211209;696,0;759,0;885,0;953,0;596,0;760,0;963,0;
Valença do Piauí;2211308;890,0;816,0;712,0;896,0;1108,0;1601,0;1625,0;
Várzea Branca;2211357;23,0;134,0;38,0;42,0;0,0;625,0;621,0;
Várzea Grande;2211407;48,0;173,0;148,0;302,0;323,0;228,0;193,0;
Vera Mendes;2211506;211,0;156,0;139,0;114,0;118,0;134,0;59,0;
Vila Nova do Piauí;2211605;71,0;54,0;112,0;48,0;113,0;51,0;91,0;
Wall Ferraz;2211704;141,0;98,0;116,0;179,0;212,0;127,0;247,0;
Abaiara;2300101;301,0;310,0;338,0;647,0;558,0;326,0;352,0;
Acarape;2300150;286,0;253,0;174,0;114,0;64,0;97,0;130,0;
Acaraú;2300200;2687,0;2525,0;2645,0;2355,0;1543,0;1460,0;1772,0;
Acopiara;2300309;1645,0;1871,0;2159,0;2040,0;1865,0;2506,0;2312,0;
Aiuaba;2300408;330,0;20,0;86,0;65,0;18,0;15,0;104,0;
Alcântaras;2300507;108,0;188,0;158,0;76,0;72,0;60,0;126,0;
Altaneira;2300606;245,0;231,0;240,0;160,0;163,0;236,0;179,0;
Alto Santo;2300705;415,0;243,0;208,0;172,0;276,0;202,0;131,0;
Amontada;2300754;1645,0;1022,0;1067,0;1019,0;1042,0;863,0;619,0;
Antonina do Norte;2300804;208,0;167,0;33,0;30,0;46,0;22,0;88,0;
Apuiarés;2300903;26,0;326,0;310,0;263,0;315,0;324,0;395,0;
Aquiraz;2301000;2687,0;1316,0;1306,0;1280,0;1272,0;906,0;924,0;
Aracati;2301109;1793,0;1329,0;476,0;615,0;631,0;494,0;668,0;
Aracoiaba;2301208;798,0;681,0;585,0;587,0;370,0;342,0;578,0;
Ararendá;2301257;102,0;112,0;133,0;141,0;187,0;83,0;57,0;
Araripe;2301307;1130,0;922,0;932,0;757,0;666,0;706,0;632,0;
Aratuba;2301406;235,0;205,0;132,0;105,0;85,0;174,0;233,0;
Arneiroz;2301505;779,0;631,0;545,0;454,0;607,0;424,0;483,0;
Assaré;2301604;1054,0;1122,0;916,0;288,0;225,0;171,0;154,0;
Aurora;2301703;746,0;834,0;814,0;524,0;554,0;623,0;642,0;
Baixio;2301802;110,0;79,0;150,0;98,0;107,0;78,0;99,0;
Banabuiú;2301851;435,0;219,0;99,0;130,0;157,0;105,0;108,0;
Barbalha;2301901;2550,0;2307,0;1711,0;1905,0;1885,0;1376,0;1392,0;
Barreira;2301950;172,0;102,0;108,0;174,0;279,0;204,0;168,0;
Barro;2302008;1721,0;1435,0;1393,0;1272,0;1247,0;1593,0;513,0;
Barroquinha;2302057;195,0;232,0;236,0;182,0;191,0;96,0;73,0;
Baturité;2302107;1146,0;1313,0;868,0;861,0;1421,0;1086,0;1379,0;
Beberibe;2302206;535,0;499,0;591,0;475,0;578,0;433,0;420,0;
Bela Cruz;2302305;354,0;426,0;144,0;213,0;264,0;427,0;492,0;
Boa Viagem;2302404;1510,0;1059,0;1040,0;925,0;976,0;864,0;656,0;
Brejo Santo;2302503;2163,0;2548,0;3270,0;3489,0;3997,0;5217,0;5934,0;
Camocim;2302602;2674,0;1737,0;1101,0;684,0;955,0;848,0;763,0;
Campos Sales;2302701;800,0;816,0;937,0;830,0;529,0;696,0;450,0;
Canindé;2302800;2560,0;1834,0;1590,0;1472,0;1666,0;1687,0;1730,0;
Capistrano;2302909;1004,0;892,0;863,0;1039,0;1047,0;999,0;1004,0;
Caridade;2303006;994,0;800,0;840,0;438,0;503,0;365,0;336,0;
Cariré;2303105;690,0;601,0;607,0;484,0;497,0;584,0;818,0;
Caririaçu;2303204;953,0;674,0;958,0;1028,0;856,0;756,0;874,0;
Cariús;2303303;235,0;288,0;144,0;162,0;160,0;143,0;171,0;
Carnaubal;2303402;230,0;456,0;402,0;123,0;248,0;160,0;93,0;
Cascavel;2303501;934,0;941,0;837,0;493,0;649,0;664,0;884,0;
Catarina;2303600;119,0;206,0;216,0;113,0;113,0;174,0;211,0;
Catunda;2303659;881,0;733,0;673,0;666,0;846,0;599,0;647,0;
Caucaia;2303709;8801,0;7723,0;5998,0;3913,0;3829,0;4654,0;4959,0;
Cedro;2303808;2791,0;1870,0;1678,0;853,0;909,0;452,0;248,0;
Chaval;2303907;400,0;266,0;289,0;317,0;198,0;181,0;89,0;
Choró;2303931;270,0;347,0;397,0;264,0;149,0;178,0;284,0;
Chorozinho;2303956;392,0;333,0;246,0;162,0;109,0;152,0;204,0;
Coreaú;2304004;1730,0;1362,0;412,0;316,0;123,0;185,0;398,0;
Crateús;2304103;2051,0;1814,0;1855,0;2275,0;2260,0;2008,0;2238,0;
Crato;2304202;5191,0;4778,0;4817,0;5115,0;4505,0;3793,0;2877,0;
Croatá;2304236;183,0;226,0;180,0;235,0;77,0;347,0;521,0;
Cruz;2304251;139,0;131,0;89,0;25,0;0,0;17,0;15,0;
Deputado Irapuan Pinheiro;2304269;490,0;359,0;377,0;212,0;185,0;246,0;334,0;
Ererê;2304277;267,0;292,0;260,0;215,0;166,0;296,0;422,0;
Eusébio;2304285;1608,0;1273,0;1358,0;1398,0;1396,0;1530,0;1310,0;
Farias Brito;2304301;337,0;401,0;312,0;244,0;259,0;185,0;122,0;
Forquilha;2304350;1065,0;1012,0;670,0;650,0;548,0;366,0;335,0;
Fortaleza;2304400;68991,0;57898,0;48375,0;43387,0;46611,0;47478,0;42675,0;
Fortim;2304459;399,0;331,0;332,0;119,0;235,0;283,0;204,0;
Frecheirinha;2304509;310,0;141,0;80,0;103,0;40,0;60,0;49,0;
General Sampaio;2304608;192,0;144,0;38,0;0,0;176,0;85,0;184,0;
Graça;2304657;447,0;829,0;831,0;660,0;460,0;171,0;402,0;
Granja;2304707;3674,0;2103,0;1923,0;1770,0;1591,0;1414,0;1948,0;
Granjeiro;2304806;278,0;211,0;227,0;238,0;217,0;218,0;207,0;
Groaíras;2304905;144,0;98,0;124,0;150,0;155,0;132,0;263,0;
Guaiúba;2304954;252,0;330,0;248,0;381,0;262,0;442,0;585,0;
Guaraciaba do Norte;2305001;1903,0;263,0;1103,0;890,0;1218,0;827,0;624,0;
Guaramiranga;2305100;110,0;54,0;48,0;34,0;0,0;0,0;0,0;
Hidrolândia;2305209;735,0;548,0;353,0;235,0;141,0;116,0;216,0;
Horizonte;2305233;1928,0;2355,0;2348,0;972,0;1227,0;1680,0;876,0;
Ibaretama;2305266;556,0;313,0;156,0;86,0;74,0;77,0;45,0;
Ibiapina;2305308;531,0;533,0;381,0;345,0;230,0;217,0;262,0;
Ibicuitinga;2305332;509,0;582,0;374,0;0,0;520,0;503,0;392,0;
Icapuí;2305357;555,0;435,0;681,0;523,0;415,0;375,0;385,0;
Icó;2305407;3231,0;2600,0;1719,0;2031,0;2514,0;3545,0;3305,0;
Iguatu;2305506;1724,0;1376,0;1116,0;1391,0;1554,0;1667,0;1340,0;
Independência;2305605;350,0;514,0;219,0;95,0;127,0;236,0;199,0;
Ipaporanga;2305654;577,0;434,0;368,0;208,0;176,0;186,0;199,0;
Ipaumirim;2305704;414,0;316,0;209,0;142,0;149,0;124,0;155,0;
Ipu;2305803;1222,0;1314,0;1436,0;1111,0;1506,0;1623,0;1404,0;
Ipueiras;2305902;1921,0;1425,0;1298,0;655,0;447,0;362,0;207,0;
Iracema;2306009;472,0;444,0;244,0;285,0;296,0;268,0;230,0;
Irauçuba;2306108;791,0;644,0;512,0;371,0;363,0;430,0;459,0;
Itaiçaba;2306207;0,0;0,0;18,0;16,0;19,0;11,0;0,0;
Itaitinga;2306256;1020,0;762,0;783,0;639,0;1078,0;1524,0;1211,0;
Itapagé;2306306;966,0;493,0;438,0;677,0;460,0;764,0;623,0;
Itapipoca;2306405;2814,0;2104,0;1666,0;4077,0;4950,0;4176,0;2585,0;
Itapiúna;2306504;486,0;546,0;187,0;270,0;320,0;242,0;388,0;
Itarema;2306553;1615,0;1221,0;854,0;1110,0;1059,0;1092,0;937,0;
Itatira;2306603;272,0;243,0;116,0;105,0;121,0;187,0;151,0;
Jaguaretama;2306702;361,0;81,0;36,0;132,0;92,0;138,0;178,0;
Jaguaribara;2306801;205,0;191,0;108,0;124,0;176,0;225,0;127,0;
Jaguaribe;2306900;940,0;977,0;968,0;1030,0;879,0;896,0;898,0;
Jaguaruana;2307007;410,0;254,0;360,0;204,0;369,0;556,0;433,0;
Jardim;2307106;442,0;441,0;386,0;586,0;660,0;689,0;771,0;
Jati;2307205;581,0;356,0;269,0;412,0;453,0;344,0;228,0;
Jijoca de Jericoacoara;2307254;205,0;125,0;111,0;34,0;133,0;224,0;120,0;
Juazeiro do Norte;2307304;9444,0;6586,0;8294,0;5705,0;6690,0;7991,0;8024,0;
Jucás;2307403;47,0;111,0;125,0;113,0;181,0;218,0;342,0;
Lavras da Mangabeira;2307502;240,0;333,0;266,0;236,0;160,0;189,0;155,0;
Limoeiro do Norte;2307601;1929,0;1558,0;1192,0;1172,0;1463,0;1416,0;1707,0;
Madalena;2307635;561,0;631,0;270,0;198,0;261,0;236,0;205,0;
Maracanaú;2307650;9494,0;8041,0;6173,0;5938,0;5781,0;6939,0;6195,0;
Maranguape;2307700;2737,0;2325,0;1891,0;1881,0;1763,0;2142,0;1808,0;
Marco;2307809;166,0;78,0;181,0;390,0;426,0;321,0;300,0;
Martinópole;2307908;277,0;285,0;245,0;260,0;170,0;100,0;63,0;
Massapê;2308005;1598,0;1293,0;693,0;368,0;234,0;215,0;521,0;
Mauriti;2308104;2719,0;1504,0;1075,0;739,0;1410,0;1441,0;1362,0;
Meruoca;2308203;881,0;517,0;260,0;290,0;273,0;161,0;187,0;
Milagres;2308302;1501,0;1062,0;879,0;744,0;1041,0;894,0;1040,0;
Milhã;2308351;423,0;428,0;414,0;420,0;413,0;415,0;267,0;
Miraíma;2308377;221,0;98,0;199,0;407,0;480,0;855,0;739,0;
Missão Velha;2308401;1083,0;684,0;726,0;901,0;740,0;728,0;621,0;
Mombaça;2308500;1218,0;258,0;380,0;509,0;479,0;612,0;258,0;
Monsenhor Tabosa;2308609;2472,0;2877,0;2635,0;2080,0;2045,0;2259,0;1687,0;
Morada Nova;2308708;1594,0;1163,0;1191,0;1186,0;1443,0;1587,0;1005,0;
Moraújo;2308807;216,0;170,0;184,0;121,0;109,0;132,0;40,0;
Morrinhos;2308906;504,0;507,0;123,0;93,0;60,0;72,0;110,0;
Mucambo;2309003;383,0;256,0;303,0;231,0;295,0;221,0;267,0;
Mulungu;2309102;165,0;116,0;81,0;75,0;52,0;151,0;106,0;
Nova Olinda;2309201;452,0;272,0;186,0;150,0;206,0;358,0;282,0;
Nova Russas;2309300;2010,0;1599,0;844,0;573,0;700,0;849,0;555,0;
Novo Oriente;2309409;906,0;720,0;678,0;718,0;600,0;572,0;635,0;
Ocara;2309458;678,0;327,0;108,0;245,0;264,0;297,0;270,0;
Orós;2309508;500,0;378,0;330,0;318,0;277,0;310,0;305,0;
Pacajus;2309607;1881,0;1848,0;1226,0;1023,0;1316,0;2484,0;3443,0;
Pacatuba;2309706;1034,0;816,0;726,0;594,0;617,0;463,0;372,0;
Pacoti;2309805;272,0;172,0;191,0;75,0;99,0;81,0;27,0;
Pacujá;2309904;273,0;224,0;214,0;49,0;264,0;188,0;138,0;
Palhano;2310001;276,0;330,0;194,0;131,0;39,0;46,0;101,0;
Palmácia;2310100;204,0;228,0;117,0;108,0;187,0;168,0;149,0;
Paracuru;2310209;514,0;320,0;397,0;445,0;349,0;263,0;189,0;
Paraipaba;2310258;334,0;253,0;212,0;273,0;357,0;235,0;353,0;
Parambu;2310308;1024,0;1207,0;3202,0;1214,0;681,0;255,0;171,0;
Paramoti;2310407;853,0;734,0;618,0;693,0;681,0;887,0;508,0;
Pedra Branca;2310506;1374,0;1155,0;838,0;453,0;1025,0;1351,0;1208,0;
Penaforte;2310605;869,0;700,0;932,0;676,0;589,0;361,0;268,0;
Pentecoste;2310704;845,0;944,0;752,0;579,0;581,0;468,0;375,0;
Pereiro;2310803;410,0;434,0;412,0;465,0;417,0;471,0;409,0;
Pindoretama;2310852;304,0;228,0;312,0;156,0;233,0;148,0;185,0;
Piquet Carneiro;2310902;467,0;380,0;266,0;257,0;318,0;203,0;153,0;
Pires Ferreira;2310951;477,0;496,0;624,0;487,0;473,0;457,0;421,0;
Poranga;2311009;413,0;290,0;309,0;175,0;156,0;131,0;470,0;
Porteiras;2311108;857,0;910,0;906,0;741,0;684,0;621,0;553,0;
Potengi;2311207;396,0;364,0;560,0;421,0;389,0;295,0;225,0;
Potiretama;2311231;171,0;95,0;272,0;220,0;165,0;175,0;117,0;
Quiterianópolis;2311264;1234,0;686,0;838,0;412,0;564,0;388,0;191,0;
Quixadá;2311306;3562,0;2196,0;1935,0;2286,0;2076,0;1863,0;1724,0;
Quixelô;2311355;484,0;393,0;513,0;325,0;369,0;431,0;395,0;
Quixeramobim;2311405;1854,0;1066,0;653,0;556,0;460,0;845,0;855,0;
Quixeré;2311504;193,0;235,0;187,0;175,0;146,0;125,0;136,0;
Redenção;2311603;642,0;423,0;214,0;304,0;407,0;502,0;453,0;
Reriutaba;2311702;382,0;269,0;204,0;228,0;391,0;299,0;509,0;
Russas;2311801;1474,0;1172,0;902,0;939,0;820,0;934,0;817,0;
Saboeiro;2311900;510,0;195,0;386,0;403,0;285,0;382,0;256,0;
Salitre;2311959;696,0;721,0;430,0;411,0;264,0;398,0;349,0;
Santana do Acaraú;2312007;514,0;627,0;642,0;669,0;435,0;535,0;480,0;
Santana do Cariri;2312106;661,0;565,0;364,0;219,0;203,0;581,0;368,0;
Santa Quitéria;2312205;1585,0;3628,0;1812,0;1041,0;1008,0;1143,0;1072,0;
São Benedito;2312304;1489,0;1244,0;1607,0;1185,0;1127,0;1384,0;1508,0;
São Gonçalo do Amarante;2312403;744,0;620,0;608,0;761,0;1040,0;1053,0;834,0;
São João do Jaguaribe;2312502;160,0;43,0;92,0;107,0;91,0;100,0;137,0;
São Luís do Curu;2312601;400,0;167,0;279,0;262,0;267,0;229,0;103,0;
Senador Pompeu;2312700;709,0;597,0;599,0;577,0;651,0;895,0;436,0;
Senador Sá;2312809;285,0;186,0;260,0;175,0;226,0;163,0;98,0;
Sobral;2312908;7797,0;6303,0;5924,0;6409,0;6141,0;6471,0;6426,0;
Solonópole;2313005;207,0;91,0;207,0;180,0;144,0;153,0;103,0;
Tabuleiro do Norte;2313104;232,0;239,0;352,0;251,0;171,0;151,0;111,0;
Tamboril;2313203;1385,0;1471,0;616,0;464,0;402,0;392,0;324,0;
Tarrafas;2313252;696,0;414,0;441,0;512,0;559,0;307,0;303,0;
Tauá;2313302;3198,0;3145,0;2918,0;2443,0;2128,0;2415,0;3100,0;
Tejuçuoca;2313351;323,0;344,0;307,0;239,0;452,0;459,0;620,0;
Tianguá;2313401;2264,0;2495,0;3364,0;3747,0;3249,0;3213,0;1930,0;
Trairi;2313500;1224,0;932,0;701,0;733,0;623,0;554,0;354,0;
Tururu;2313559;264,0;378,0;342,0;191,0;123,0;262,0;215,0;
Ubajara;2313609;765,0;1079,0;808,0;558,0;519,0;525,0;443,0;
Umari;2313708;39,0;56,0;49,0;31,0;65,0;61,0;79,0;
Umirim;2313757;229,0;240,0;270,0;315,0;72,0;112,0;111,0;
Uruburetama;2313807;727,0;689,0;420,0;356,0;318,0;381,0;352,0;
Uruoca;2313906;299,0;266,0;275,0;188,0;346,0;211,0;169,0;
Varjota;2313955;153,0;128,0;386,0;443,0;399,0;443,0;459,0;
Várzea Alegre;2314003;1682,0;1242,0;1389,0;1282,0;1149,0;1145,0;910,0;
Viçosa do Ceará;2314102;1698,0;1543,0;1388,0;1355,0;1237,0;1457,0;1006,0;
Acari;2400109;367,0;272,0;246,0;237,0;189,0;190,0;338,0;
Açu;2400208;1029,0;941,0;522,0;493,0;501,0;471,0;468,0;
Afonso Bezerra;2400307;592,0;550,0;492,0;497,0;395,0;411,0;377,0;
Água Nova;2400406;54,0;51,0;16,0;128,0;109,0;72,0;122,0;
Alexandria;2400505;814,0;490,0;225,0;318,0;256,0;303,0;406,0;
Almino Afonso;2400604;123,0;75,0;113,0;109,0;93,0;61,0;143,0;
Alto do Rodrigues;2400703;294,0;237,0;374,0;410,0;301,0;268,0;409,0;
Angicos;2400802;345,0;321,0;407,0;366,0;236,0;339,0;567,0;
Antônio Martins;2400901;733,0;685,0;767,0;739,0;692,0;499,0;537,0;
Apodi;2401008;983,0;649,0;413,0;604,0;613,0;372,0;437,0;
Areia Branca;2401107;1055,0;1154,0;1138,0;1236,0;1413,0;1070,0;953,0;
Arês;2401206;391,0;334,0;230,0;236,0;248,0;202,0;197,0;
Augusto Severo;2401305;126,0;155,0;229,0;179,0;155,0;122,0;249,0;
Baía Formosa;2401404;297,0;279,0;193,0;207,0;250,0;210,0;189,0;
Baraúna;2401453;666,0;639,0;606,0;595,0;377,0;588,0;321,0;
Barcelona;2401503;119,0;116,0;114,0;97,0;116,0;108,0;133,0;
Bento Fernandes;2401602;159,0;168,0;162,0;185,0;243,0;216,0;168,0;
Bodó;2401651;85,0;85,0;79,0;52,0;43,0;48,0;37,0;
Bom Jesus;2401701;511,0;311,0;369,0;425,0;384,0;448,0;563,0;
Brejinho;2401800;747,0;505,0;414,0;346,0;504,0;351,0;377,0;
Caiçara do Norte;2401859;233,0;111,0;128,0;197,0;257,0;203,0;212,0;
Caiçara do Rio do Vento;2401909;145,0;162,0;113,0;180,0;106,0;108,0;114,0;
Caicó;2402006;2128,0;1923,0;1661,0;1720,0;1755,0;1599,0;1613,0;
Campo Redondo;2402105;323,0;110,0;91,0;89,0;89,0;72,0;470,0;
Canguaretama;2402204;600,0;697,0;998,0;1166,0;1406,0;1274,0;1419,0;
Caraúbas;2402303;361,0;324,0;310,0;312,0;416,0;340,0;433,0;
Carnaúba dos Dantas;2402402;299,0;193,0;191,0;190,0;157,0;123,0;96,0;
Carnaubais;2402501;460,0;481,0;672,0;441,0;183,0;211,0;203,0;
Ceará-Mirim;2402600;2109,0;1976,0;1705,0;2358,0;2062,0;1783,0;1480,0;
Cerro Corá;2402709;303,0;218,0;228,0;209,0;225,0;242,0;422,0;
Coronel Ezequiel;2402808;156,0;159,0;185,0;226,0;249,0;139,0;141,0;
Coronel João Pessoa;2402907;242,0;356,0;443,0;632,0;674,0;573,0;561,0;
Cruzeta;2403004;250,0;235,0;288,0;253,0;145,0;115,0;98,0;
Currais Novos;2403103;1662,0;1416,0;1492,0;1295,0;1254,0;1062,0;1361,0;
Doutor Severiano;2403202;328,0;240,0;474,0;410,0;280,0;185,0;101,0;
Parnamirim;2403251;3794,0;3951,0;3916,0;3904,0;3482,0;3319,0;3248,0;
Encanto;2403301;140,0;94,0;175,0;178,0;53,0;55,0;102,0;
Equador;2403400;88,0;75,0;141,0;134,0;174,0;155,0;182,0;
Espírito Santo;2403509;86,0;97,0;134,0;161,0;211,0;224,0;406,0;
Extremoz;2403608;648,0;552,0;524,0;543,0;811,0;935,0;1070,0;
Felipe Guerra;2403707;191,0;142,0;100,0;108,0;73,0;63,0;120,0;
Fernando Pedroza;2403756;151,0;124,0;74,0;88,0;63,0;57,0;78,0;
Florânia;2403806;334,0;313,0;258,0;264,0;1558,0;1497,0;1552,0;
Francisco Dantas;2403905;94,0;68,0;58,0;99,0;87,0;41,0;71,0;
Frutuoso Gomes;2404002;187,0;166,0;179,0;183,0;149,0;134,0;143,0;
Galinhos;2404101;0,0;122,0;127,0;82,0;111,0;166,0;127,0;
Goianinha;2404200;1234,0;1092,0;1057,0;938,0;1136,0;971,0;847,0;
Governador Dix-Sept Rosado;2404309;226,0;218,0;202,0;194,0;189,0;177,0;185,0;
Grossos;2404408;415,0;292,0;170,0;174,0;169,0;167,0;147,0;
Guamaré;2404507;1119,0;983,0;773,0;789,0;699,0;753,0;713,0;
Ielmo Marinho;2404606;569,0;538,0;475,0;373,0;296,0;147,0;339,0;
Ipanguaçu;2404705;318,0;316,0;389,0;427,0;501,0;521,0;522,0;
Ipueira;2404804;49,0;50,0;45,0;27,0;31,0;16,0;64,0;
Itajá;2404853;477,0;283,0;330,0;116,0;145,0;131,0;175,0;
Itaú;2404903;286,0;208,0;185,0;199,0;130,0;120,0;156,0;
Jaçanã;2405009;548,0;500,0;184,0;246,0;221,0;187,0;259,0;
Jandaíra;2405108;308,0;269,0;222,0;166,0;135,0;177,0;149,0;
Janduís;2405207;193,0;166,0;97,0;81,0;0,0;0,0;117,0;
Januário Cicco;2405306;428,0;584,0;467,0;467,0;397,0;317,0;490,0;
Japi;2405405;73,0;122,0;66,0;75,0;102,0;129,0;57,0;
Jardim de Angicos;2405504;0,0;0,0;0,0;0,0;0,0;0,0;70,0;
Jardim de Piranhas;2405603;343,0;316,0;409,0;333,0;292,0;361,0;353,0;
Jardim do Seridó;2405702;397,0;390,0;292,0;318,0;269,0;213,0;139,0;
João Câmara;2405801;630,0;776,0;715,0;1234,0;1301,0;1197,0;1037,0;
João Dias;2405900;38,0;0,0;0,0;0,0;51,0;39,0;52,0;
José da Penha;2406007;104,0;86,0;78,0;51,0;67,0;87,0;54,0;
Jucurutu;2406106;508,0;435,0;237,0;425,0;371,0;293,0;428,0;
Jundiá;2406155;133,0;167,0;200,0;174,0;137,0;144,0;158,0;
Lagoa d'Anta;2406205;356,0;304,0;268,0;218,0;201,0;204,0;198,0;
Lagoa de Pedras;2406304;313,0;329,0;283,0;291,0;220,0;119,0;399,0;
Lagoa de Velhos;2406403;132,0;115,0;220,0;219,0;232,0;275,0;199,0;
Lagoa Nova;2406502;176,0;103,0;0,0;85,0;98,0;106,0;109,0;
Lagoa Salgada;2406601;456,0;461,0;343,0;345,0;325,0;184,0;320,0;
Lajes;2406700;253,0;270,0;165,0;132,0;149,0;187,0;219,0;
Lajes Pintadas;2406809;87,0;150,0;88,0;75,0;49,0;62,0;133,0;
Lucrécia;2406908;54,0;94,0;67,0;56,0;121,0;83,0;173,0;
Luís Gomes;2407005;938,0;866,0;648,0;522,0;490,0;253,0;258,0;
Macaíba;2407104;2374,0;2693,0;2071,0;2396,0;2194,0;2060,0;2100,0;
Macau;2407203;1008,0;912,0;778,0;957,0;903,0;765,0;967,0;
Major Sales;2407252;199,0;180,0;122,0;229,0;138,0;88,0;43,0;
Marcelino Vieira;2407302;327,0;149,0;85,0;304,0;176,0;184,0;255,0;
Martins;2407401;198,0;194,0;201,0;165,0;179,0;145,0;122,0;
Maxaranguape;2407500;289,0;256,0;313,0;307,0;394,0;478,0;470,0;
Messias Targino;2407609;236,0;139,0;107,0;97,0;93,0;74,0;59,0;
Montanhas;2407708;450,0;411,0;350,0;391,0;426,0;477,0;500,0;
Monte Alegre;2407807;477,0;346,0;467,0;50,0;290,0;492,0;536,0;
Monte das Gameleiras;2407906;262,0;115,0;138,0;239,0;225,0;191,0;185,0;
Mossoró;2408003;7903,0;8820,0;7020,0;6808,0;6399,0;6204,0;5513,0;
Natal;2408102;25165,0;22781,0;20630,0;18925,0;20306,0;19541,0;18349,0;
Nísia Floresta;2408201;740,0;897,0;653,0;951,0;998,0;908,0;947,0;
Nova Cruz;2408300;1986,0;1333,0;1250,0;1199,0;1177,0;992,0;1265,0;
Olho-d'Água do Borges;2408409;200,0;166,0;98,0;110,0;164,0;119,0;111,0;
Ouro Branco;2408508;99,0;102,0;83,0;90,0;69,0;79,0;75,0;
Paraná;2408607;249,0;58,0;32,0;61,0;18,0;0,0;25,0;
Paraú;2408706;210,0;245,0;285,0;198,0;127,0;124,0;226,0;
Parazinho;2408805;222,0;254,0;82,0;119,0;201,0;138,0;189,0;
Parelhas;2408904;564,0;516,0;285,0;158,0;184,0;173,0;196,0;
Rio do Fogo;2408953;536,0;585,0;468,0;559,0;629,0;459,0;410,0;
Passa e Fica;2409100;358,0;382,0;336,0;354,0;371,0;408,0;467,0;
Passagem;2409209;162,0;160,0;155,0;135,0;108,0;104,0;122,0;
Patu;2409308;435,0;253,0;208,0;258,0;249,0;257,0;284,0;
Santa Maria;2409332;288,0;216,0;210,0;170,0;170,0;181,0;170,0;
Pau dos Ferros;2409407;1148,0;948,0;556,0;706,0;528,0;470,0;576,0;
Pedra Grande;2409506;117,0;69,0;90,0;76,0;21,0;99,0;79,0;
Pedra Preta;2409605;99,0;94,0;86,0;80,0;63,0;59,0;97,0;
Pedro Avelino;2409704;265,0;294,0;269,0;236,0;246,0;244,0;275,0;
Pedro Velho;2409803;293,0;291,0;555,0;719,0;810,0;857,0;1165,0;
Pendências;2409902;479,0;269,0;401,0;452,0;370,0;397,0;447,0;
Pilões;2410009;147,0;197,0;71,0;73,0;50,0;40,0;41,0;
Poço Branco;2410108;154,0;165,0;166,0;236,0;287,0;262,0;305,0;
Portalegre;2410207;196,0;135,0;138,0;152,0;129,0;109,0;140,0;
Porto do Mangue;2410256;206,0;132,0;167,0;121,0;140,0;122,0;198,0;
Presidente Juscelino;2410306;829,0;542,0;395,0;456,0;320,0;360,0;744,0;
Pureza;2410405;254,0;131,0;81,0;173,0;91,0;50,0;47,0;
Rafael Fernandes;2410504;170,0;134,0;66,0;90,0;72,0;15,0;47,0;
Rafael Godeiro;2410603;728,0;664,0;664,0;550,0;554,0;569,0;440,0;
Riacho da Cruz;2410702;104,0;96,0;0,0;81,0;107,0;66,0;96,0;
Riacho de Santana;2410801;125,0;68,0;54,0;78,0;44,0;19,0;93,0;
Riachuelo;2410900;184,0;187,0;220,0;231,0;229,0;265,0;461,0;
Rodolfo Fernandes;2411007;148,0;120,0;120,0;116,0;83,0;101,0;87,0;
Tibau;2411056;135,0;165,0;122,0;122,0;86,0;88,0;0,0;
Ruy Barbosa;2411106;80,0;78,0;71,0;84,0;72,0;80,0;127,0;
Santa Cruz;2411205;705,0;663,0;320,0;665,0;580,0;635,0;539,0;
Santana do Matos;2411403;980,0;545,0;569,0;549,0;408,0;385,0;373,0;
Santana do Seridó;2411429;0,0;0,0;0,0;0,0;0,0;0,0;0,0;
Santo Antônio;2411502;1055,0;750,0;771,0;946,0;899,0;1002,0;1045,0;
São Bento do Norte;2411601;94,0;79,0;76,0;139,0;137,0;95,0;113,0;
São Bento do Trairí;2411700;57,0;15,0;42,0;42,0;37,0;42,0;161,0;
São Fernando;2411809;197,0;145,0;127,0;167,0;169,0;134,0;96,0;
São Francisco do Oeste;2411908;96,0;87,0;105,0;106,0;131,0;66,0;99,0;
São Gonçalo do Amarante;2412005;2558,0;1744,0;1766,0;1879,0;2491,0;2130,0;1920,0;
São João do Sabugi;2412104;154,0;149,0;115,0;96,0;109,0;208,0;260,0;
São José de Mipibu;2412203;1498,0;1297,0;1354,0;1259,0;1160,0;1169,0;1029,0;
São José do Campestre;2412302;729,0;735,0;675,0;573,0;558,0;553,0;550,0;
São José do Seridó;2412401;113,0;135,0;133,0;123,0;74,0;104,0;102,0;
São Miguel;2412500;1351,0;1006,0;1010,0;1005,0;979,0;249,0;300,0;
São Miguel do Gostoso;2412559;335,0;294,0;279,0;259,0;250,0;286,0;266,0;
São Paulo do Potengi;2412609;1052,0;1049,0;962,0;929,0;855,0;645,0;618,0;
São Pedro;2412708;368,0;256,0;213,0;262,0;219,0;249,0;334,0;
São Rafael;2412807;326,0;300,0;272,0;264,0;306,0;301,0;348,0;
São Tomé;2412906;187,0;259,0;383,0;426,0;412,0;360,0;505,0;
São Vicente;2413003;158,0;153,0;97,0;138,0;53,0;79,0;264,0;
Senador Elói de Souza;2413102;147,0;118,0;87,0;157,0;167,0;176,0;309,0;
Senador Georgino Avelino;2413201;135,0;102,0;138,0;117,0;95,0;87,0;72,0;
Serra de São Bento;2413300;383,0;331,0;194,0;173,0;126,0;126,0;100,0;
Serra do Mel;2413359;494,0;488,0;558,0;482,0;410,0;417,0;516,0;
Serra Negra do Norte;2413409;181,0;150,0;131,0;81,0;96,0;95,0;76,0;
Serrinha;2413508;319,0;207,0;490,0;727,0;596,0;542,0;485,0;
Serrinha dos Pintos;2413557;107,0;81,0;49,0;66,0;68,0;50,0;49,0;
Severiano Melo;2413607;175,0;130,0;135,0;58,0;112,0;51,0;75,0;
Sítio Novo;2413706;215,0;180,0;92,0;40,0;19,0;11,0;0,0;
Taboleiro Grande;2413805;43,0;41,0;36,0;58,0;70,0;32,0;45,0;
Taipu;2413904;137,0;110,0;35,0;53,0;82,0;61,0;74,0;
Tangará;2414001;329,0;283,0;164,0;130,0;115,0;135,0;218,0;
Tenente Ananias;2414100;588,0;467,0;686,0;624,0;590,0;590,0;554,0;
Tenente Laurentino Cruz;2414159;155,0;83,0;141,0;217,0;157,0;152,0;191,0;
Tibau do Sul;2414209;351,0;340,0;400,0;376,0;354,0;294,0;312,0;
Timbaúba dos Batistas;2414308;73,0;35,0;36,0;60,0;47,0;96,0;102,0;
Touros;2414407;654,0;610,0;499,0;475,0;721,0;745,0;869,0;
Triunfo Potiguar;2414456;252,0;155,0;200,0;176,0;173,0;145,0;148,0;
Umarizal;2414506;447,0;589,0;503,0;402,0;439,0;217,0;345,0;
Upanema;2414605;548,0;479,0;445,0;322,0;222,0;268,0;247,0;
Várzea;2414704;354,0;228,0;310,0;325,0;325,0;267,0;269,0;
Venha-Ver;2414753;177,0;203,0;192,0;487,0;553,0;336,0;322,0;
Vera Cruz;2414803;298,0;190,0;206,0;223,0;246,0;210,0;238,0;
Viçosa;2414902;84,0;58,0;70,0;72,0;70,0;60,0;71,0;
Vila Flor;2415008;35,0;60,0;0,0;24,0;49,0;46,0;133,0;
Água Branca;2500106;132,0;159,0;184,0;160,0;155,0;185,0;424,0;
Aguiar;2500205;421,0;323,0;285,0;342,0;275,0;361,0;336,0;
Alagoa Grande;2500304;1094,0;984,0;1097,0;1177,0;1084,0;1050,0;1218,0;
Alagoa Nova;2500403;651,0;588,0;577,0;711,0;813,0;904,0;710,0;
Alagoinha;2500502;464,0;248,0;301,0;315,0;190,0;164,0;476,0;
Alcantil;2500536;200,0;165,0;144,0;164,0;140,0;134,0;125,0;
Algodão de Jandaíra;2500577;30,0;141,0;154,0;160,0;109,0;93,0;139,0;
Alhandra;2500601;1224,0;1370,0;1107,0;1026,0;752,0;918,0;1016,0;
São João do Rio do Peixe;2500700;3966,0;4322,0;2230,0;2918,0;2810,0;2530,0;1569,0;
Amparo;2500734;109,0;49,0;122,0;121,0;83,0;11,0;64,0;
Aparecida;2500775;70,0;72,0;368,0;187,0;206,0;266,0;319,0;
Araçagi;2500809;838,0;757,0;1028,0;731,0;571,0;740,0;1114,0;
Arara;2500908;431,0;357,0;456,0;566,0;545,0;649,0;598,0;
Araruna;2501005;1491,0;1430,0;842,0;963,0;680,0;685,0;771,0;
Areia;2501104;1086,0;1507,0;1274,0;1043,0;794,0;998,0;1055,0;
Areia de Baraúnas;2501153;106,0;81,0;37,0;40,0;11,0;36,0;32,0;
Areial;2501203;124,0;57,0;76,0;200,0;212,0;206,0;147,0;
Aroeiras;2501302;1021,0;766,0;825,0;1043,0;1170,0;1168,0;624,0;
Assunção;2501351;224,0;142,0;157,0;218,0;148,0;162,0;120,0;
Baía da Traição;2501401;285,0;229,0;228,0;396,0;330,0;396,0;490,0;
Bananeiras;2501500;903,0;643,0;616,0;512,0;607,0;861,0;894,0;
Baraúna;2501534;32,0;26,0;47,0;39,0;28,0;33,0;92,0;
Barra de Santana;2501575;222,0;275,0;80,0;150,0;75,0;126,0;96,0;
Barra de Santa Rosa;2501609;840,0;826,0;330,0;358,0;312,0;182,0;304,0;
Barra de São Miguel;2501708;194,0;108,0;97,0;0,0;24,0;135,0;279,0;
Bayeux;2501807;5272,0;4770,0;4168,0;3791,0;3416,0;3582,0;3701,0;
Belém;2501906;647,0;682,0;690,0;749,0;791,0;787,0;643,0;
Belém do Brejo do Cruz;2502003;178,0;196,0;139,0;129,0;170,0;582,0;589,0;
Bernardino Batista;2502052;338,0;212,0;296,0;270,0;356,0;282,0;594,0;
Boa Ventura;2502102;70,0;115,0;70,0;114,0;111,0;59,0;235,0;
Boa Vista;2502151;51,0;0,0;0,0;60,0;97,0;183,0;360,0;
Bom Jesus;2502201;302,0;355,0;302,0;383,0;310,0;279,0;315,0;
Bom Sucesso;2502300;180,0;119,0;151,0;135,0;62,0;190,0;33,0;
Bonito de Santa Fé;2502409;282,0;222,0;279,0;266,0;290,0;336,0;262,0;
Boqueirão;2502508;1004,0;927,0;801,0;888,0;872,0;1150,0;899,0;
Igaracy;2502607;85,0;74,0;66,0;101,0;133,0;140,0;199,0;
Borborema;2502706;130,0;228,0;192,0;285,0;311,0;241,0;326,0;
Brejo do Cruz;2502805;168,0;146,0;141,0;91,0;59,0;130,0;186,0;
Brejo dos Santos;2502904;100,0;50,0;141,0;250,0;309,0;329,0;340,0;
Caaporã;2503001;904,0;1386,0;1450,0;1064,0;1081,0;998,0;911,0;
Cabaceiras;2503100;239,0;292,0;248,0;178,0;158,0;21,0;117,0;
Cabedelo;2503209;525,0;1622,0;1731,0;1518,0;1261,0;1913,0;1644,0;
Cachoeira dos Índios;2503308;300,0;210,0;281,0;329,0;246,0;168,0;227,0;
Cacimba de Areia;2503407;277,0;205,0;130,0;118,0;81,0;10,0;52,0;
Cacimba de Dentro;2503506;1329,0;1055,0;1053,0;944,0;910,0;682,0;518,0;
Cacimbas;2503555;369,0;181,0;68,0;64,0;60,0;38,0;40,0;
Caiçara;2503605;708,0;527,0;548,0;601,0;548,0;545,0;352,0;
Cajazeiras;2503704;2737,0;2262,0;2613,0;2797,0;2837,0;2582,0;2419,0;
Cajazeirinhas;2503753;97,0;54,0;118,0;105,0;76,0;23,0;44,0;
Caldas Brandão;2503803;220,0;117,0;141,0;181,0;167,0;245,0;255,0;
Camalaú;2503902;107,0;114,0;86,0;60,0;57,0;76,0;139,0;
Campina Grande;2504009;11082,0;11848,0;10033,0;11455,0;14127,0;12979,0;13904,0;
Capim;2504033;330,0;254,0;247,0;200,0;191,0;210,0;294,0;
Caraúbas;2504074;114,0;18,0;0,0;58,0;54,0;30,0;48,0;
Carrapateira;2504108;343,0;312,0;226,0;184,0;67,0;16,0;143,0;
Casserengue;2504157;239,0;121,0;67,0;85,0;128,0;111,0;43,0;
Catingueira;2504207;124,0;133,0;115,0;93,0;93,0;51,0;204,0;
Catolé do Rocha;2504306;1062,0;969,0;979,0;759,0;577,0;773,0;794,0;
Caturité;2504355;123,0;127,0;179,0;105,0;109,0;249,0;209,0;
Conceição;2504405;471,0;915,0;1025,0;849,0;908,0;660,0;481,0;
Condado;2504504;172,0;189,0;192,0;194,0;191,0;96,0;155,0;
Conde;2504603;1504,0;1387,0;1547,0;1447,0;1305,0;1389,0;1540,0;
Congo;2504702;190,0;146,0;149,0;116,0;134,0;107,0;258,0;
Coremas;2504801;164,0;145,0;121,0;89,0;93,0;141,0;347,0;
Coxixola;2504850;53,0;83,0;57,0;39,0;39,0;24,0;30,0;
Cruz do Espírito Santo;2504900;944,0;749,0;809,0;809,0;771,0;1246,0;1412,0;
Cubati;2505006;186,0;83,0;217,0;384,0;165,0;227,0;231,0;
Cuité;2505105;1021,0;1064,0;846,0;747,0;579,0;643,0;863,0;
Cuitegi;2505204;91,0;218,0;181,0;156,0;149,0;255,0;224,0;
Cuité de Mamanguape;2505238;524,0;450,0;719,0;611,0;618,0;457,0;519,0;
Curral de Cima;2505279;57,0;66,0;106,0;153,0;138,0;79,0;44,0;
Curral Velho;2505303;217,0;141,0;152,0;105,0;88,0;88,0;239,0;
Damião;2505352;252,0;177,0;206,0;136,0;174,0;121,0;210,0;
Desterro;2505402;550,0;490,0;374,0;363,0;290,0;182,0;155,0;
Vista Serrana;2505501;42,0;32,0;40,0;32,0;45,0;53,0;24,0;
Diamante;2505600;445,0;518,0;542,0;612,0;550,0;448,0;370,0;
Dona Inês;2505709;452,0;324,0;250,0;175,0;380,0;263,0;438,0;
Duas Estradas;2505808;519,0;544,0;299,0;282,0;159,0;310,0;437,0;
Emas;2505907;501,0;276,0;235,0;91,0;0,0;0,0;54,0;
Esperança;2506004;1137,0;1061,0;1137,0;731,0;869,0;1057,0;1086,0;
Fagundes;2506103;344,0;245,0;151,0;453,0;333,0;164,0;398,0;
Frei Martinho;2506202;47,0;50,0;36,0;35,0;43,0;55,0;22,0;
Gado Bravo;2506251;448,0;520,0;310,0;447,0;426,0;130,0;816,0;
Guarabira;2506301;1728,0;1813,0;1447,0;1395,0;1493,0;1907,0;1789,0;
Gurinhém;2506400;874,0;684,0;263,0;185,0;304,0;303,0;477,0;
Gurjão;2506509;79,0;139,0;115,0;146,0;118,0;184,0;170,0;
Ibiara;2506608;178,0;219,0;187,0;237,0;233,0;275,0;246,0;
Imaculada;2506707;178,0;155,0;128,0;101,0;63,0;124,0;101,0;
Ingá;2506806;834,0;723,0;619,0;859,0;693,0;854,0;1120,0;
Itabaiana;2506905;534,0;728,0;512,0;485,0;611,0;812,0;845,0;
Itaporanga;2507002;535,0;529,0;540,0;676,0;832,0;768,0;564,0;
Itapororoca;2507101;387,0;539,0;874,0;537,0;583,0;704,0;799,0;
Itatuba;2507200;0,0;67,0;167,0;333,0;277,0;183,0;340,0;
Jacaraú;2507309;459,0;619,0;578,0;576,0;666,0;470,0;411,0;
Jericó;2507408;673,0;590,0;463,0;398,0;286,0;306,0;318,0;
João Pessoa;2507507;30134,0;32944,0;30090,0;26641,0;26209,0;27583,0;26061,0;
Juarez Távora;2507606;246,0;299,0;112,0;97,0;61,0;76,0;291,0;
Juazeirinho;2507705;459,0;494,0;577,0;712,0;539,0;458,0;672,0;
Junco do Seridó;2507804;128,0;130,0;175,0;101,0;114,0;36,0;142,0;
Juripiranga;2507903;809,0;701,0;525,0;537,0;593,0;672,0;632,0;
Juru;2508000;704,0;589,0;508,0;276,0;214,0;296,0;834,0;
Lagoa;2508109;42,0;79,0;106,0;477,0;590,0;370,0;507,0;
Lagoa de Dentro;2508208;622,0;910,0;1044,0;1085,0;1370,0;1218,0;1146,0;
Lagoa Seca;2508307;995,0;905,0;713,0;685,0;1186,0;936,0;711,0;
Lastro;2508406;252,0;208,0;232,0;197,0;199,0;166,0;163,0;
Livramento;2508505;703,0;245,0;156,0;64,0;67,0;57,0;96,0;
Logradouro;2508554;284,0;342,0;232,0;246,0;254,0;234,0;226,0;
Lucena;2508604;813,0;678,0;524,0;452,0;495,0;432,0;496,0;
Mãe d'Água;2508703;45,0;0,0;101,0;120,0;76,0;74,0;87,0;
Malta;2508802;195,0;100,0;132,0;188,0;168,0;109,0;132,0;
Mamanguape;2508901;401,0;488,0;440,0;1013,0;1092,0;1020,0;1496,0;
Manaíra;2509008;466,0;612,0;622,0;571,0;814,0;157,0;174,0;
Marcação;2509057;468,0;490,0;506,0;579,0;548,0;471,0;513,0;
Mari;2509107;627,0;1055,0;909,0;341,0;810,0;854,0;959,0;
Marizópolis;2509156;479,0;334,0;1234,0;1116,0;1047,0;562,0;1018,0;
Massaranduba;2509206;254,0;250,0;389,0;525,0;542,0;469,0;507,0;
Mataraca;2509305;633,0;382,0;247,0;204,0;179,0;162,0;127,0;
Matinhas;2509339;82,0;100,0;86,0;180,0;171,0;80,0;143,0;
Mato Grosso;2509370;13,0;10,0;15,0;29,0;51,0;62,0;61,0;
Maturéia;2509396;120,0;131,0;88,0;0,0;0,0;75,0;138,0;
Mogeiro;2509404;499,0;491,0;612,0;646,0;806,0;727,0;674,0;
Montadas;2509503;149,0;151,0;85,0;129,0;119,0;69,0;167,0;
Monte Horebe;2509602;292,0;226,0;183,0;207,0;150,0;336,0;368,0;
Monteiro;2509701;663,0;802,0;667,0;681,0;593,0;587,0;620,0;
Mulungu;2509800;491,0;494,0;492,0;705,0;665,0;769,0;921,0;
Natuba;2509909;405,0;196,0;732,0;738,0;705,0;575,0;1068,0;
Nazarezinho;2510006;339,0;348,0;290,0;100,0;233,0;349,0;314,0;
Nova Floresta;2510105;359,0;0,0;42,0;316,0;319,0;348,0;257,0;
Nova Olinda;2510204;184,0;324,0;204,0;86,0;106,0;156,0;125,0;
Nova Palmeira;2510303;109,0;148,0;133,0;99,0;105,0;82,0;67,0;
Olho d'Água;2510402;231,0;290,0;338,0;266,0;229,0;129,0;162,0;
Olivedos;2510501;172,0;207,0;97,0;182,0;219,0;181,0;310,0;
Ouro Velho;2510600;138,0;126,0;81,0;80,0;98,0;100,0;86,0;
Parari;2510659;41,0;58,0;8,0;13,0;15,0;48,0;29,0;
Passagem;2510709;69,0;55,0;65,0;81,0;71,0;0,0;46,0;
Patos;2510808;2248,0;2249,0;2866,0;2755,0;2587,0;1669,0;1944,0;
Paulista;2510907;135,0;132,0;161,0;138,0;97,0;98,0;280,0;
Pedra Branca;2511004;224,0;313,0;240,0;286,0;305,0;184,0;266,0;
Pedra Lavrada;2511103;170,0;85,0;459,0;492,0;397,0;422,0;518,0;
Pedras de Fogo;2511202;1132,0;1484,0;1895,0;1704,0;1604,0;1877,0;2007,0;
Piancó;2511301;1318,0;1304,0;960,0;919,0;1005,0;787,0;446,0;
Picuí;2511400;324,0;239,0;188,0;215,0;217,0;466,0;483,0;
Pilar;2511509;326,0;341,0;326,0;430,0;299,0;255,0;613,0;
Pilões;2511608;709,0;588,0;347,0;261,0;252,0;312,0;252,0;
Pilõezinhos;2511707;198,0;122,0;89,0;113,0;69,0;87,0;80,0;
Pirpirituba;2511806;408,0;281,0;353,0;382,0;356,0;374,0;614,0;
Pitimbu;2511905;670,0;919,0;746,0;479,0;424,0;410,0;466,0;
Pocinhos;2512002;544,0;324,0;327,0;452,0;412,0;319,0;341,0;
Poço Dantas;2512036;653,0;692,0;567,0;426,0;398,0;253,0;210,0;
Poço de José de Moura;2512077;1098,0;948,0;925,0;932,0;848,0;754,0;849,0;
Pombal;2512101;672,0;461,0;408,0;290,0;307,0;721,0;691,0;
Prata;2512200;151,0;179,0;112,0;163,0;144,0;125,0;173,0;
